/*
 Navicat Premium Data Transfer

 Source Server         : eat_db
 Source Server Type    : MySQL
 Source Server Version : 50717
 Source Host           : localhost
 Source Database       : interface_platform

 Target Server Type    : MySQL
 Target Server Version : 50717
 File Encoding         : utf-8

 Date: 02/12/2017 15:12:05 PM
*/

SET NAMES utf8;
SET FOREIGN_KEY_CHECKS = 0;

-- ----------------------------
--  Table structure for `account_account`
-- ----------------------------
DROP TABLE IF EXISTS `account_account`;
CREATE TABLE `account_account` (
  `id` int(11) NOT NULL AUTO_INCREMENT,
  `timezone` varchar(100) NOT NULL,
  `language` varchar(10) NOT NULL,
  `user_id` int(11) NOT NULL,
  PRIMARY KEY (`id`),
  UNIQUE KEY `user_id` (`user_id`),
  CONSTRAINT `account_account_user_id_32a9ad6b_fk_auth_user_id` FOREIGN KEY (`user_id`) REFERENCES `auth_user` (`id`)
) ENGINE=InnoDB AUTO_INCREMENT=44 DEFAULT CHARSET=utf8;

-- ----------------------------
--  Records of `account_account`
-- ----------------------------
BEGIN;
INSERT INTO `account_account` VALUES ('1', '', 'en-us', '1'), ('2', '', 'en-us', '2'), ('3', '', 'en-us', '3'), ('4', '', 'en-us', '4'), ('5', '', 'en-us', '5'), ('6', '', 'zh-cn', '6'), ('7', '', 'zh-cn', '7'), ('8', '', 'zh-cn', '8'), ('9', '', 'zh-cn', '9'), ('10', '', 'zh-cn', '10'), ('11', '', 'zh-cn', '11'), ('12', '', 'en', '12'), ('13', '', 'zh-cn', '13'), ('17', '', 'en-us', '25'), ('28', '', 'en-us', '44'), ('29', '', 'en-us', '45'), ('30', '', 'en-us', '46'), ('33', '', 'en-us', '49'), ('35', '', 'en-us', '51'), ('36', '', 'en-us', '52'), ('37', '', 'en-us', '53'), ('38', '', 'en-us', '54'), ('39', '', 'en-us', '55'), ('40', '', 'en-us', '56'), ('41', '', 'en-us', '57'), ('42', '', 'en-us', '58'), ('43', '', 'en-us', '59');
COMMIT;

-- ----------------------------
--  Table structure for `account_accountdeletion`
-- ----------------------------
DROP TABLE IF EXISTS `account_accountdeletion`;
CREATE TABLE `account_accountdeletion` (
  `id` int(11) NOT NULL AUTO_INCREMENT,
  `email` varchar(254) NOT NULL,
  `date_requested` datetime NOT NULL,
  `date_expunged` datetime DEFAULT NULL,
  `user_id` int(11) DEFAULT NULL,
  PRIMARY KEY (`id`),
  KEY `account_accountdeletion_user_id_75bc0123_fk_auth_user_id` (`user_id`),
  CONSTRAINT `account_accountdeletion_user_id_75bc0123_fk_auth_user_id` FOREIGN KEY (`user_id`) REFERENCES `auth_user` (`id`)
) ENGINE=InnoDB AUTO_INCREMENT=2 DEFAULT CHARSET=utf8;

-- ----------------------------
--  Records of `account_accountdeletion`
-- ----------------------------
BEGIN;
INSERT INTO `account_accountdeletion` VALUES ('1', 'boluo2@126.com', '2017-01-06 06:03:56', null, '12');
COMMIT;

-- ----------------------------
--  Table structure for `account_emailaddress`
-- ----------------------------
DROP TABLE IF EXISTS `account_emailaddress`;
CREATE TABLE `account_emailaddress` (
  `id` int(11) NOT NULL AUTO_INCREMENT,
  `email` varchar(254) NOT NULL,
  `verified` tinyint(1) NOT NULL,
  `primary` tinyint(1) NOT NULL,
  `user_id` int(11) NOT NULL,
  PRIMARY KEY (`id`),
  UNIQUE KEY `email` (`email`),
  KEY `account_emailaddress_user_id_40d9a61d_fk_auth_user_id` (`user_id`),
  CONSTRAINT `account_emailaddress_user_id_40d9a61d_fk_auth_user_id` FOREIGN KEY (`user_id`) REFERENCES `auth_user` (`id`)
) ENGINE=InnoDB AUTO_INCREMENT=32 DEFAULT CHARSET=utf8;

-- ----------------------------
--  Records of `account_emailaddress`
-- ----------------------------
BEGIN;
INSERT INTO `account_emailaddress` VALUES ('1', '12ff520@163.com', '0', '1', '2'), ('2', '123456@sf.com', '0', '1', '6'), ('3', '154878787@163.com', '0', '1', '7'), ('4', 'user111@yixin.im', '0', '1', '8'), ('5', 'user000@yixin.im', '0', '1', '9'), ('6', 'chen_yazhi@163.com', '0', '1', '10'), ('7', 'hzbaoyongming@corp.netease.com', '0', '1', '11'), ('8', 'boluo2@126.com', '0', '1', '12'), ('9', 'shaomh0909@163.com', '0', '1', '13'), ('13', 'wangpeipei@yixin.im', '0', '1', '25'), ('24', 'hzchenyazhi@corp.netease.com', '0', '1', '44'), ('25', 'hzlixiaolei@corp.netease.com', '0', '1', '45'), ('26', 'hzyusen@corp.netease.com', '0', '1', '46'), ('29', 'hzzhangyanan1@corp.netease.com', '0', '1', '49');
COMMIT;

-- ----------------------------
--  Table structure for `account_emailconfirmation`
-- ----------------------------
DROP TABLE IF EXISTS `account_emailconfirmation`;
CREATE TABLE `account_emailconfirmation` (
  `id` int(11) NOT NULL AUTO_INCREMENT,
  `created` datetime NOT NULL,
  `sent` datetime DEFAULT NULL,
  `key` varchar(64) NOT NULL,
  `email_address_id` int(11) NOT NULL,
  PRIMARY KEY (`id`),
  UNIQUE KEY `key` (`key`),
  KEY `account_ema_email_address_id_3c32d4d8_fk_account_emailaddress_id` (`email_address_id`),
  CONSTRAINT `account_ema_email_address_id_3c32d4d8_fk_account_emailaddress_id` FOREIGN KEY (`email_address_id`) REFERENCES `account_emailaddress` (`id`)
) ENGINE=InnoDB AUTO_INCREMENT=9 DEFAULT CHARSET=utf8;

-- ----------------------------
--  Records of `account_emailconfirmation`
-- ----------------------------
BEGIN;
INSERT INTO `account_emailconfirmation` VALUES ('1', '2016-12-15 09:36:06', '2016-12-15 09:36:06', '98efedccdd9a16f70e5707bf997642a773635576db71006fb47e240ed64f1e0b', '2'), ('2', '2016-12-28 11:14:07', '2016-12-28 11:14:07', '2b76e2b16f4c13e8e7b7661221d0bfa6609ba42fe47caf4e332b200d0dc2cab2', '3'), ('3', '2016-12-28 11:31:27', '2016-12-28 11:31:28', 'ef0529720c2b4df4167d55d7f0050ca55ce134def2e46e6af9dac9a496a38e6b', '4'), ('4', '2016-12-29 07:10:44', '2016-12-29 07:10:45', 'f20f0fcbbdcfd9c6655b6959ab9f1ea0721a98254eca85bae8dc8ba8834b7c82', '5'), ('5', '2017-01-06 02:51:05', '2017-01-06 02:51:06', 'c6b999ede3e949c0b28f70155ad98acaa516280812aadbf8aa63c46298f779d9', '6'), ('6', '2017-01-06 05:42:45', '2017-01-06 05:42:45', 'a5cb4009abf7305f954ff174399a9a6e339236af50b39801efd353a71b8d6a3d', '7'), ('7', '2017-01-06 05:59:06', '2017-01-06 05:59:06', '985aec826daa2d0115497d792de72ebde949dda1a1363260b6ec2cb1d8d0f94f', '8'), ('8', '2017-01-06 06:09:16', '2017-01-06 06:09:16', '94cac378ae37136a8fe40ea5885c3678ea5fda819c1777d8f750616bda7cf50d', '9');
COMMIT;

-- ----------------------------
--  Table structure for `account_signupcode`
-- ----------------------------
DROP TABLE IF EXISTS `account_signupcode`;
CREATE TABLE `account_signupcode` (
  `id` int(11) NOT NULL AUTO_INCREMENT,
  `code` varchar(64) NOT NULL,
  `max_uses` int(10) unsigned NOT NULL,
  `expiry` datetime DEFAULT NULL,
  `email` varchar(254) NOT NULL,
  `notes` longtext NOT NULL,
  `sent` datetime DEFAULT NULL,
  `created` datetime NOT NULL,
  `use_count` int(10) unsigned NOT NULL,
  `inviter_id` int(11) DEFAULT NULL,
  PRIMARY KEY (`id`),
  UNIQUE KEY `code` (`code`),
  KEY `account_signupcode_inviter_id_6c43c9b1_fk_auth_user_id` (`inviter_id`),
  CONSTRAINT `account_signupcode_inviter_id_6c43c9b1_fk_auth_user_id` FOREIGN KEY (`inviter_id`) REFERENCES `auth_user` (`id`)
) ENGINE=InnoDB DEFAULT CHARSET=utf8;

-- ----------------------------
--  Table structure for `account_signupcoderesult`
-- ----------------------------
DROP TABLE IF EXISTS `account_signupcoderesult`;
CREATE TABLE `account_signupcoderesult` (
  `id` int(11) NOT NULL AUTO_INCREMENT,
  `timestamp` datetime NOT NULL,
  `signup_code_id` int(11) NOT NULL,
  `user_id` int(11) NOT NULL,
  PRIMARY KEY (`id`),
  KEY `account_signupc_signup_code_id_127309ef_fk_account_signupcode_id` (`signup_code_id`),
  KEY `account_signupcoderesult_user_id_65b0b4ff_fk_auth_user_id` (`user_id`),
  CONSTRAINT `account_signupc_signup_code_id_127309ef_fk_account_signupcode_id` FOREIGN KEY (`signup_code_id`) REFERENCES `account_signupcode` (`id`),
  CONSTRAINT `account_signupcoderesult_user_id_65b0b4ff_fk_auth_user_id` FOREIGN KEY (`user_id`) REFERENCES `auth_user` (`id`)
) ENGINE=InnoDB DEFAULT CHARSET=utf8;

-- ----------------------------
--  Table structure for `auth_group`
-- ----------------------------
DROP TABLE IF EXISTS `auth_group`;
CREATE TABLE `auth_group` (
  `id` int(11) NOT NULL AUTO_INCREMENT,
  `name` varchar(80) NOT NULL,
  PRIMARY KEY (`id`),
  UNIQUE KEY `name` (`name`)
) ENGINE=InnoDB DEFAULT CHARSET=utf8;

-- ----------------------------
--  Table structure for `auth_group_permissions`
-- ----------------------------
DROP TABLE IF EXISTS `auth_group_permissions`;
CREATE TABLE `auth_group_permissions` (
  `id` int(11) NOT NULL AUTO_INCREMENT,
  `group_id` int(11) NOT NULL,
  `permission_id` int(11) NOT NULL,
  PRIMARY KEY (`id`),
  UNIQUE KEY `group_id` (`group_id`,`permission_id`),
  KEY `auth_group_permissi_permission_id_23962d04_fk_auth_permission_id` (`permission_id`),
  CONSTRAINT `auth_group_permissi_permission_id_23962d04_fk_auth_permission_id` FOREIGN KEY (`permission_id`) REFERENCES `auth_permission` (`id`),
  CONSTRAINT `auth_group_permissions_group_id_58c48ba9_fk_auth_group_id` FOREIGN KEY (`group_id`) REFERENCES `auth_group` (`id`)
) ENGINE=InnoDB DEFAULT CHARSET=utf8;

-- ----------------------------
--  Table structure for `auth_permission`
-- ----------------------------
DROP TABLE IF EXISTS `auth_permission`;
CREATE TABLE `auth_permission` (
  `id` int(11) NOT NULL AUTO_INCREMENT,
  `name` varchar(255) DEFAULT NULL,
  `content_type_id` int(11) NOT NULL,
  `codename` varchar(100) NOT NULL,
  PRIMARY KEY (`id`),
  UNIQUE KEY `content_type_id` (`content_type_id`,`codename`),
  CONSTRAINT `auth_permissi_content_type_id_51277a81_fk_django_content_type_id` FOREIGN KEY (`content_type_id`) REFERENCES `django_content_type` (`id`)
) ENGINE=InnoDB AUTO_INCREMENT=91 DEFAULT CHARSET=utf8;

-- ----------------------------
--  Records of `auth_permission`
-- ----------------------------
BEGIN;
INSERT INTO `auth_permission` VALUES ('1', 'Can add log entry', '1', 'add_logentry'), ('2', 'Can change log entry', '1', 'change_logentry'), ('3', 'Can delete log entry', '1', 'delete_logentry'), ('4', 'Can add permission', '2', 'add_permission'), ('5', 'Can change permission', '2', 'change_permission'), ('6', 'Can delete permission', '2', 'delete_permission'), ('7', 'Can add group', '3', 'add_group'), ('8', 'Can change group', '3', 'change_group'), ('9', 'Can delete group', '3', 'delete_group'), ('10', 'Can add user', '4', 'add_user'), ('11', 'Can change user', '4', 'change_user'), ('12', 'Can delete user', '4', 'delete_user'), ('13', 'Can add content type', '5', 'add_contenttype'), ('14', 'Can change content type', '5', 'change_contenttype'), ('15', 'Can delete content type', '5', 'delete_contenttype'), ('16', 'Can add session', '6', 'add_session'), ('17', 'Can change session', '6', 'change_session'), ('18', 'Can delete session', '6', 'delete_session'), ('19', 'Can add site', '7', 'add_site'), ('20', 'Can change site', '7', 'change_site'), ('21', 'Can delete site', '7', 'delete_site'), ('22', 'Can add account', '8', 'add_account'), ('23', 'Can change account', '8', 'change_account'), ('24', 'Can delete account', '8', 'delete_account'), ('25', 'Can add signup code', '9', 'add_signupcode'), ('26', 'Can change signup code', '9', 'change_signupcode'), ('27', 'Can delete signup code', '9', 'delete_signupcode'), ('28', 'Can add signup code result', '10', 'add_signupcoderesult'), ('29', 'Can change signup code result', '10', 'change_signupcoderesult'), ('30', 'Can delete signup code result', '10', 'delete_signupcoderesult'), ('31', 'Can add email address', '11', 'add_emailaddress'), ('32', 'Can change email address', '11', 'change_emailaddress'), ('33', 'Can delete email address', '11', 'delete_emailaddress'), ('34', 'Can add email confirmation', '12', 'add_emailconfirmation'), ('35', 'Can change email confirmation', '12', 'change_emailconfirmation'), ('36', 'Can delete email confirmation', '12', 'delete_emailconfirmation'), ('37', 'Can add account deletion', '13', 'add_accountdeletion'), ('38', 'Can change account deletion', '13', 'change_accountdeletion'), ('39', 'Can delete account deletion', '13', 'delete_accountdeletion'), ('40', 'Can add log', '14', 'add_log'), ('41', 'Can change log', '14', 'change_log'), ('42', 'Can delete log', '14', 'delete_log'), ('43', 'Can add project', '15', 'add_project'), ('44', 'Can change project', '15', 'change_project'), ('45', 'Can delete project', '15', 'delete_project'), ('46', 'Can add variable', '16', 'add_variable'), ('47', 'Can change variable', '16', 'change_variable'), ('48', 'Can delete variable', '16', 'delete_variable'), ('49', 'Can add it statement', '17', 'add_itstatement'), ('50', 'Can change it statement', '17', 'change_itstatement'), ('51', 'Can delete it statement', '17', 'delete_itstatement'), ('52', 'Can add it body', '18', 'add_itbody'), ('53', 'Can change it body', '18', 'change_itbody'), ('54', 'Can delete it body', '18', 'delete_itbody'), ('55', 'Can add it header', '19', 'add_itheader'), ('56', 'Can change it header', '19', 'change_itheader'), ('57', 'Can delete it header', '19', 'delete_itheader'), ('58', 'Can add variable it', '20', 'add_variableit'), ('59', 'Can change variable it', '20', 'change_variableit'), ('60', 'Can delete variable it', '20', 'delete_variableit'), ('61', 'Can add it param', '21', 'add_itparam'), ('62', 'Can change it param', '21', 'change_itparam'), ('63', 'Can delete it param', '21', 'delete_itparam'), ('64', 'Can add it log', '22', 'add_itlog'), ('65', 'Can change it log', '22', 'change_itlog'), ('66', 'Can delete it log', '22', 'delete_itlog'), ('67', 'Can add directory tree', '23', 'add_directorytree'), ('68', 'Can change directory tree', '23', 'change_directorytree'), ('69', 'Can delete directory tree', '23', 'delete_directorytree'), ('70', 'Can add test case', '24', 'add_testcase'), ('71', 'Can change test case', '24', 'change_testcase'), ('72', 'Can delete test case', '24', 'delete_testcase'), ('73', 'Can add test case step', '25', 'add_testcasestep'), ('74', 'Can change test case step', '25', 'change_testcasestep'), ('75', 'Can delete test case step', '25', 'delete_testcasestep'), ('76', 'Can add test case log', '26', 'add_testcaselog'), ('77', 'Can change test case log', '26', 'change_testcaselog'), ('78', 'Can delete test case log', '26', 'delete_testcaselog'), ('79', 'Can add tag', '27', 'add_tag'), ('80', 'Can change tag', '27', 'change_tag'), ('81', 'Can delete tag', '27', 'delete_tag'), ('82', 'Can add tag map', '28', 'add_tagmap'), ('83', 'Can change tag map', '28', 'change_tagmap'), ('84', 'Can delete tag map', '28', 'delete_tagmap'), ('85', 'Can add test suite', '29', 'add_testsuite'), ('86', 'Can change test suite', '29', 'change_testsuite'), ('87', 'Can delete test suite', '29', 'delete_testsuite'), ('88', 'Can add uni id', '30', 'add_uniid'), ('89', 'Can change uni id', '30', 'change_uniid'), ('90', 'Can delete uni id', '30', 'delete_uniid');
COMMIT;

-- ----------------------------
--  Table structure for `auth_user`
-- ----------------------------
DROP TABLE IF EXISTS `auth_user`;
CREATE TABLE `auth_user` (
  `id` int(11) NOT NULL AUTO_INCREMENT,
  `password` varchar(128) NOT NULL,
  `last_login` datetime DEFAULT NULL,
  `is_superuser` tinyint(1) NOT NULL,
  `username` varchar(30) NOT NULL,
  `first_name` varchar(30) NOT NULL,
  `last_name` varchar(30) NOT NULL,
  `email` varchar(254) DEFAULT NULL,
  `is_staff` tinyint(1) NOT NULL,
  `is_active` tinyint(1) NOT NULL,
  `date_joined` datetime NOT NULL,
  PRIMARY KEY (`id`),
  UNIQUE KEY `username` (`username`)
) ENGINE=InnoDB AUTO_INCREMENT=60 DEFAULT CHARSET=utf8;

-- ----------------------------
--  Records of `auth_user`
-- ----------------------------
BEGIN;
INSERT INTO `auth_user` VALUES ('1', 'pbkdf2_sha256$20000$MHRvKoIna6ey$37e7pS820dhaMcYRCTYA8dzIe7XQF4PZfqjR4FpRyK0=', '2017-02-07 08:52:37', '1', 'admin', '', '', '', '1', '1', '2016-12-01 10:37:26'), ('2', 'pbkdf2_sha256$20000$JbU6UieHGwZW$YwOHxjnVNbcZHIWx2QkCoNm7DrWXIX1MpxFBhOOZSs8=', null, '0', 'Tom4', '', '', '12ff520@163.com', '0', '1', '2016-12-01 10:37:40'), ('3', 'pbkdf2_sha256$20000$eH7ifkjFwfqS$SGWxTQwdYkpm1b9gzdjvuBAH02+iX2rnLUaxc3zivC8=', '2017-02-09 03:17:44', '0', 'yixin.wumenghui', '', '', 'wumenghui@yixin.im', '0', '1', '2016-12-01 10:43:12'), ('4', 'pbkdf2_sha256$20000$TJnWGRlfaGhY$di3oxZvDKzRmK9ZNpv+y4DDZkOUNni+tB9H6z8xv09c=', '2017-02-10 01:33:47', '0', 'yixin.hongjie', '', '', 'hongjie@yixin.im', '0', '1', '2016-12-01 10:43:21'), ('5', 'pbkdf2_sha256$20000$1UE6uiOTZkhh$lxPbqsyfGWqE571156J952xTsEzda8btU5teMW0nXwk=', '2017-02-10 03:30:57', '0', 'hzdonghao', '', '', 'hzdonghao@corp.netease.com', '0', '1', '2016-12-01 10:43:31'), ('6', 'pbkdf2_sha256$20000$ON2F7rXXaapo$1DjcOy6Lyo8TtqRiBTEZmfhXwRQXc9ArFKDseOM52lM=', '2016-12-15 09:40:07', '0', 'testdong', '', '', '123456@sf.com', '0', '1', '2016-12-15 09:36:06'), ('7', 'pbkdf2_sha256$20000$l1DhDTJckytZ$jW9KZD770Di8NwveRI2eTAODMztTIdG2VH3RxbF5IlY=', '2016-12-28 11:14:07', '0', 'test123', '', '', '154878787@163.com', '0', '1', '2016-12-28 11:14:07'), ('8', 'pbkdf2_sha256$20000$kT8dfqD5jKGQ$EHAS+3vRfUvgbRm9UmY1iuEcxQWY9LCUvbmRGNbqeLE=', '2016-12-28 11:31:28', '0', 'user111', '', '', 'user111@yixin.im', '0', '1', '2016-12-28 11:31:27'), ('9', 'pbkdf2_sha256$20000$IjIBTz4IuFXb$0uZWcCLrKlvSQbuK/yTmmbFESTVe500f6Slg1xpGfjo=', '2016-12-29 07:10:45', '0', 'user000', '', '', 'user000@yixin.im', '0', '1', '2016-12-29 07:10:44'), ('10', 'pbkdf2_sha256$20000$uA4v8Ip1aV8O$fVZr6LKmB1keHGtab6OsNh940IyZb/7CBvIHpcr4Eyo=', '2017-01-06 02:51:06', '0', 'chenyazhi', '', '', 'chen_yazhi@163.com', '0', '1', '2017-01-06 02:51:05'), ('11', 'pbkdf2_sha256$20000$7VYREbStVYTP$cacytMY7DJ71o/JhrVK08Uip+K+XO9SD21uRCD2sx5Y=', '2017-01-06 05:42:45', '0', 'hzbaoyongming', '', '', 'hzbaoyongming@corp.netease.com', '0', '1', '2017-01-06 05:42:45'), ('12', 'pbkdf2_sha256$20000$a7vynCAjPBcl$79AALOuKBBHTQLTkDjIi9aVdJC5iUMoneqrxsp7T1cM=', '2017-01-06 05:59:06', '0', 'xjye', '', '', 'boluo2@126.com', '0', '0', '2017-01-06 05:59:06'), ('13', 'pbkdf2_sha256$20000$9zPt9RkV7kwP$cntk+W8Gt5h8n2ThWOe0nlysrk9D2DXCMVc1PUkrJ8s=', '2017-01-06 06:09:16', '0', 'shaomh0909', '', '', 'shaomh0909@163.com', '0', '1', '2017-01-06 06:09:16'), ('25', 'pbkdf2_sha256$20000$cBaeojcBWeQG$h9oX5IWrtxRuebtXG6LkLhAlN6Uju3i5/+QjkDLYRhw=', '2017-01-12 05:50:54', '0', 'yixin.wangpeipei', '', '', 'wangpeipei@yixin.im', '0', '1', '2017-01-06 13:01:09'), ('44', 'pbkdf2_sha256$20000$mOdWXRv51Qli$9qinvlqjXcnLQD/Z4g7k6384m7x3yXEtfEKCHgKVNGI=', '2017-02-07 08:27:48', '0', 'hzchenyazhi', '', '', 'hzchenyazhi@corp.netease.com', '0', '1', '2017-01-09 02:41:59'), ('45', 'pbkdf2_sha256$20000$uRv7HB4uDOfz$oB8JDOHVaVgoFKbuRXuMjehEAVHscBt1GAfJT8h/hos=', '2017-01-09 02:45:27', '0', 'hzlixiaolei', '', '', 'hzlixiaolei@corp.netease.com', '0', '1', '2017-01-09 02:42:53'), ('46', 'pbkdf2_sha256$20000$cf95fKmWhehA$L+ppF0pCtj79NVgpdJA3DV4LseaGUhrxnHzMgEOulBI=', '2017-01-19 03:23:51', '0', 'hzyusen', '', '', 'hzyusen@corp.netease.com', '0', '1', '2017-01-09 02:46:17'), ('49', 'pbkdf2_sha256$20000$G72yEK5I3VDg$SBqd0GjPx7o3FDYPa6nO8itrLecvs/zkrV9eOk9UdDQ=', '2017-01-12 05:39:51', '0', 'hzzhangyanan1', '', '', 'hzzhangyanan1@corp.netease.com', '0', '1', '2017-01-12 05:36:47'), ('51', 'pbkdf2_sha256$20000$yjoZhV6vvQB9$k/AqgttI1LHXFeSQwoc5vFcwX/e3+aKJcKhFpz/2Flg=', '2017-01-12 06:14:43', '0', 'hzliuqw', '', '', 'hzliuqw@corp.netease.com', '0', '1', '2017-01-12 06:08:09'), ('52', 'pbkdf2_sha256$20000$0myVApBVSF0R$a7aoj1GHg+3Et/5oniJMr6l56h0LFGMOB4z4H80BxPI=', null, '0', 'hzlingbaomei', '', '', 'hzlingbaomei@corp.netease.com', '0', '1', '2017-01-16 07:55:23'), ('53', 'pbkdf2_sha256$20000$2dzryNvJODnB$QjYqcfgwunm7v+3W9SJ9iq5TlX7nb/SoxbKYgfYrSv8=', null, '0', 'hzmishujuan', '', '', 'hzmishujuan@corp.netease.com', '0', '1', '2017-01-16 07:56:12'), ('54', 'pbkdf2_sha256$20000$LQuuiOJPyyuR$cxbH9rafhnHGdipujlP5n1mXbbAICXPSuw8y6G3V8bo=', null, '0', 'yixin.xuyongjie', '', '', 'xuyongjie@yixin.im', '0', '1', '2017-01-16 07:57:08'), ('55', 'pbkdf2_sha256$20000$hBFQ4fAs8USd$CMVeuXCUd4n8XGjxUv01CV4oWrlW5lq1ovQ0Olkn5a8=', '2017-02-10 07:35:50', '0', 'yixin.dinglong', '', '', 'dinglong@yixin.im', '0', '1', '2017-01-16 08:01:16'), ('56', 'pbkdf2_sha256$20000$rdREnRFbReeb$DV60HA3twEbxT96zga0yTzqW1lsOeXWDBlYmUuWD3dg=', null, '0', 'yixin.wangjie', '', '', 'wangjie@yixin.im', '0', '1', '2017-01-16 08:02:49'), ('57', 'pbkdf2_sha256$20000$P586zvnkkbaO$wU0QPF5BKowILiJV+sKHHjIkgnV00LI++oT13ubF3h0=', null, '0', 'yixin.youjun', '', '', 'youjun@yixin.im', '0', '1', '2017-01-16 08:04:14'), ('58', 'pbkdf2_sha256$20000$3m4RuXi32MAs$rGbQETsWs6UIWkwzXYHaUAVuLDurWyuJFcTMWcJ1wwc=', null, '0', 'yixin.zhangjieming', '', '', 'zhangjieming@yixin.im', '0', '1', '2017-01-16 08:04:44'), ('59', 'pbkdf2_sha256$20000$WgirogZg45yB$FuS0Uj5dMemi2I88toIvb8q66W2zjkE92KNIc5UQA28=', null, '0', 'yixin.zhouyongchao', '', '', 'zhouyongchao@yixin.im', '0', '1', '2017-01-16 08:05:23');
COMMIT;

-- ----------------------------
--  Table structure for `auth_user_groups`
-- ----------------------------
DROP TABLE IF EXISTS `auth_user_groups`;
CREATE TABLE `auth_user_groups` (
  `id` int(11) NOT NULL AUTO_INCREMENT,
  `user_id` int(11) NOT NULL,
  `group_id` int(11) NOT NULL,
  PRIMARY KEY (`id`),
  UNIQUE KEY `user_id` (`user_id`,`group_id`),
  KEY `auth_user_groups_group_id_30a071c9_fk_auth_group_id` (`group_id`),
  CONSTRAINT `auth_user_groups_group_id_30a071c9_fk_auth_group_id` FOREIGN KEY (`group_id`) REFERENCES `auth_group` (`id`),
  CONSTRAINT `auth_user_groups_user_id_24702650_fk_auth_user_id` FOREIGN KEY (`user_id`) REFERENCES `auth_user` (`id`)
) ENGINE=InnoDB DEFAULT CHARSET=utf8;

-- ----------------------------
--  Table structure for `auth_user_user_permissions`
-- ----------------------------
DROP TABLE IF EXISTS `auth_user_user_permissions`;
CREATE TABLE `auth_user_user_permissions` (
  `id` int(11) NOT NULL AUTO_INCREMENT,
  `user_id` int(11) NOT NULL,
  `permission_id` int(11) NOT NULL,
  PRIMARY KEY (`id`),
  UNIQUE KEY `user_id` (`user_id`,`permission_id`),
  KEY `auth_user_user_perm_permission_id_3d7071f0_fk_auth_permission_id` (`permission_id`),
  CONSTRAINT `auth_user_user_perm_permission_id_3d7071f0_fk_auth_permission_id` FOREIGN KEY (`permission_id`) REFERENCES `auth_permission` (`id`),
  CONSTRAINT `auth_user_user_permissions_user_id_7cd7acb6_fk_auth_user_id` FOREIGN KEY (`user_id`) REFERENCES `auth_user` (`id`)
) ENGINE=InnoDB DEFAULT CHARSET=utf8;

-- ----------------------------
--  Table structure for `django_admin_log`
-- ----------------------------
DROP TABLE IF EXISTS `django_admin_log`;
CREATE TABLE `django_admin_log` (
  `id` int(11) NOT NULL AUTO_INCREMENT,
  `action_time` datetime NOT NULL,
  `object_id` longtext,
  `object_repr` varchar(200) NOT NULL,
  `action_flag` smallint(5) unsigned NOT NULL,
  `change_message` longtext NOT NULL,
  `content_type_id` int(11) DEFAULT NULL,
  `user_id` int(11) NOT NULL,
  PRIMARY KEY (`id`),
  KEY `django_admin__content_type_id_5151027a_fk_django_content_type_id` (`content_type_id`),
  KEY `django_admin_log_user_id_1c5f563_fk_auth_user_id` (`user_id`),
  CONSTRAINT `django_admin__content_type_id_5151027a_fk_django_content_type_id` FOREIGN KEY (`content_type_id`) REFERENCES `django_content_type` (`id`),
  CONSTRAINT `django_admin_log_user_id_1c5f563_fk_auth_user_id` FOREIGN KEY (`user_id`) REFERENCES `auth_user` (`id`)
) ENGINE=InnoDB AUTO_INCREMENT=124 DEFAULT CHARSET=utf8;

-- ----------------------------
--  Records of `django_admin_log`
-- ----------------------------
BEGIN;
INSERT INTO `django_admin_log` VALUES ('1', '2016-12-01 10:43:12', '3', 'yixin.wumenghui', '1', '', '4', '1'), ('2', '2016-12-01 10:43:21', '4', 'yixin.hongjie', '1', '', '4', '1'), ('3', '2016-12-01 10:43:31', '5', 'hzdonghao', '1', '', '4', '1'), ('4', '2016-12-01 10:43:50', '2', '项目A', '1', '', '15', '1'), ('5', '2016-12-01 10:43:59', '3', '项目B', '1', '', '15', '1'), ('6', '2016-12-01 10:44:06', '4', '项目C', '1', '', '15', '1'), ('7', '2016-12-01 10:47:56', '4', '登录', '1', '', '17', '1'), ('8', '2016-12-01 10:48:27', '5', '登出', '1', '', '17', '1'), ('9', '2016-12-01 10:48:55', '6', '验证', '1', '', '17', '1'), ('10', '2016-12-01 10:50:03', '1', '测试用例1', '1', '', '23', '1'), ('11', '2016-12-01 10:50:16', '1', '查询用户分组列表', '1', '', '24', '1'), ('12', '2016-12-01 10:51:00', '2', '测试用例2', '1', '', '23', '1'), ('13', '2016-12-01 10:51:09', '2', '查询用户分组', '1', '', '24', '1'), ('14', '2016-12-01 10:52:05', '1', 'new_name', '1', '', '25', '1'), ('15', '2016-12-01 10:52:21', '2', 'new_name', '1', '', '25', '1'), ('16', '2016-12-08 03:35:22', '1', '查询用户分组列表1', '2', 'Changed name and belong.', '24', '1'), ('17', '2016-12-08 05:52:13', '2', '查询用户分组', '2', 'Changed belong.', '24', '1'), ('18', '2016-12-08 05:52:30', '2', '查询用户分组', '2', 'Changed belong.', '24', '1'), ('19', '2016-12-08 05:54:31', '1', '查询用户分组列表1', '2', 'Changed belong.', '24', '1'), ('20', '2016-12-12 07:07:09', '5', '接口2', '2', 'Changed index.', '25', '1'), ('21', '2016-12-12 07:07:17', '6', '添加用户并设置权限', '2', 'Changed index.', '25', '1'), ('22', '2016-12-12 07:07:17', '6', '添加用户并设置权限', '2', 'No fields changed.', '25', '1'), ('23', '2016-12-12 07:07:24', '8', '接口2', '2', 'Changed index.', '25', '1'), ('24', '2016-12-12 08:11:00', '11', '添加用户并设置权限', '2', 'Changed index.', '25', '1'), ('25', '2016-12-12 08:11:10', '9', '获取Admin Cookie', '2', 'Changed index.', '25', '1'), ('26', '2016-12-12 08:11:16', '8', '接口2', '2', 'Changed index.', '25', '1'), ('27', '2016-12-12 08:11:33', '7', '规范地方都会', '2', 'Changed index.', '25', '1'), ('28', '2016-12-13 02:08:45', '9', '7', '3', '', '15', '1'), ('29', '2016-12-13 02:08:45', '11', 'fgggg', '3', '', '15', '1'), ('30', '2016-12-13 02:08:45', '14', 'uuuu', '3', '', '15', '1'), ('31', '2016-12-13 02:08:45', '13', 'uuuu', '3', '', '15', '1'), ('32', '2016-12-13 02:14:05', '15', 'new', '3', '', '15', '1'), ('33', '2016-12-13 03:03:33', '3', '用例1', '1', '', '24', '1'), ('34', '2016-12-13 03:19:00', '4', '用例1', '1', '', '24', '1'), ('35', '2016-12-13 03:19:38', '5', '用例2', '1', '', '24', '1'), ('36', '2016-12-13 12:23:41', '25', 'oooo', '3', '', '15', '1'), ('37', '2016-12-13 12:23:41', '23', 'oooo', '3', '', '15', '1'), ('38', '2016-12-13 12:23:41', '21', 'ttyytty', '3', '', '15', '1'), ('39', '2016-12-13 12:23:41', '18', 'uu', '3', '', '15', '1'), ('40', '2016-12-13 12:23:57', '5', '项目四', '2', 'Changed desc.', '15', '1'), ('41', '2016-12-13 12:24:25', '27', 'oooo', '3', '', '15', '1'), ('42', '2016-12-13 12:24:25', '26', 'oooo', '3', '', '15', '1'), ('43', '2016-12-13 12:24:25', '24', 'oooo', '3', '', '15', '1'), ('44', '2016-12-13 12:41:19', '7', '7', '3', '', '15', '1'), ('45', '2016-12-13 12:41:19', '8', '78', '3', '', '15', '1'), ('46', '2016-12-13 12:41:19', '10', 'fgggg', '3', '', '15', '1'), ('47', '2016-12-13 12:41:19', '6', 'hhhh', '3', '', '15', '1'), ('48', '2016-12-13 12:41:19', '16', 'new', '3', '', '15', '1'), ('49', '2016-12-13 12:41:19', '22', 'oooo', '3', '', '15', '1'), ('50', '2016-12-13 12:41:19', '19', 'sss', '3', '', '15', '1'), ('51', '2016-12-13 12:41:20', '20', 'ttyytty', '3', '', '15', '1'), ('52', '2016-12-13 12:41:20', '17', 'uu', '3', '', '15', '1'), ('53', '2016-12-13 12:41:20', '12', 'uuuu', '3', '', '15', '1'), ('54', '2016-12-14 02:54:20', '5', '查询用户分组列表1', '2', 'Changed key.', '23', '1'), ('55', '2016-12-14 02:54:28', '6', '查询用户分组列表2', '2', 'Changed key.', '23', '1'), ('56', '2016-12-14 02:54:38', '7', '用例1', '2', 'Changed key.', '23', '1'), ('57', '2016-12-14 02:54:52', '8', '用例1', '2', 'Changed key.', '23', '1'), ('58', '2016-12-14 02:55:01', '9', '用例2', '2', 'Changed key.', '23', '1'), ('59', '2016-12-14 02:55:22', '12', '测试用例1', '2', 'Changed key.', '23', '1'), ('60', '2016-12-14 02:55:45', '13', '测试用例2', '2', 'Changed key.', '23', '1'), ('61', '2016-12-14 06:05:51', '1', '用例集1', '2', 'Changed key.', '23', '1'), ('62', '2016-12-14 06:05:56', '2', '后台功能A', '2', 'Changed key.', '23', '1'), ('63', '2016-12-14 06:06:14', '3', 'Web功能B', '2', 'Changed key.', '23', '1'), ('64', '2016-12-14 06:06:20', '4', '后台功能C', '2', 'Changed key.', '23', '1'), ('65', '2016-12-14 06:06:31', '10', '项目2的目录树', '2', 'Changed key.', '23', '1'), ('66', '2016-12-14 06:06:39', '11', '用例集1', '2', 'Changed key.', '23', '1'), ('67', '2016-12-14 06:06:47', '14', '根节点', '2', 'Changed key.', '23', '1'), ('68', '2016-12-16 09:27:31', '2', '企业易信-接口1.log', '3', '', '22', '1'), ('69', '2016-12-16 09:27:31', '1', '企业易信-接口2.log', '3', '', '22', '1'), ('70', '2017-01-06 12:16:26', '14', 'yixin.sunningning', '3', '', '8', '1'), ('71', '2017-01-06 12:37:07', '15', 'yixin.wangpeipei', '3', '', '8', '1'), ('72', '2017-01-06 12:37:46', '14', 'yixin.sunningning', '3', '', '4', '1'), ('73', '2017-01-06 12:37:46', '22', 'yixin.wangpeipei', '3', '', '4', '1'), ('74', '2017-01-06 12:48:09', '24', 'yixin.wangpeipei', '3', '', '4', '1'), ('75', '2017-01-08 04:22:49', '26', 'yixin.sunningning', '3', '', '4', '1'), ('76', '2017-01-08 04:26:15', '28', 'yixin.sunningning', '3', '', '4', '1'), ('77', '2017-01-08 04:35:58', '20', 'yixin.sunningning', '3', '', '8', '1'), ('78', '2017-01-08 04:36:02', '29', 'yixin.sunningning', '3', '', '4', '1'), ('79', '2017-01-08 04:38:08', '30', 'yixin.sunningning', '3', '', '4', '1'), ('80', '2017-01-08 04:57:31', '31', 'yixin.sunningning', '3', '', '4', '1'), ('81', '2017-01-08 05:09:36', '23', 'yixin.sunningning', '3', '', '8', '1'), ('82', '2017-01-08 05:09:54', '34', 'yixin.sunningning', '3', '', '4', '1'), ('83', '2017-01-08 05:14:31', '39', 'yixin.sunningning', '3', '', '4', '1'), ('84', '2017-01-08 05:17:37', '41', 'yixin.sunningning', '3', '', '4', '1'), ('85', '2017-01-08 05:23:14', '42', 'yixin.sunningning', '3', '', '4', '1'), ('86', '2017-01-12 06:11:42', '47', 'tt', '2', 'Changed username and email.', '4', '1'), ('87', '2017-01-12 06:12:04', '48', 'ii', '2', 'Changed username and email.', '4', '1'), ('88', '2017-01-12 06:12:20', '50', 'll', '2', 'Changed username and email.', '4', '1'), ('89', '2017-01-12 06:12:54', '48', 'ii', '3', '', '4', '1'), ('90', '2017-01-12 06:13:01', '50', 'll', '3', '', '4', '1'), ('91', '2017-01-12 06:13:09', '47', 'tt', '3', '', '4', '1'), ('92', '2017-01-16 07:55:23', '52', 'hzlingbaomei', '1', '', '4', '1'), ('93', '2017-01-16 07:56:12', '53', 'hzmishujuan', '1', '', '4', '1'), ('94', '2017-01-16 07:57:08', '54', 'xuyongjie', '1', '', '4', '1'), ('95', '2017-01-16 07:57:25', '54', 'xuyongjie', '2', 'Changed email.', '4', '1'), ('96', '2017-01-16 08:01:16', '55', 'yixin.dinglong', '1', '', '4', '1'), ('97', '2017-01-16 08:01:19', '55', 'yixin.dinglong', '2', 'Changed email.', '4', '1'), ('98', '2017-01-16 08:01:53', '5', 'hzdonghao', '2', 'Changed email.', '4', '1'), ('99', '2017-01-16 08:02:17', '53', 'hzmishujuan', '2', 'Changed email.', '4', '1'), ('100', '2017-01-16 08:02:49', '56', 'yixin.wangjie', '1', '', '4', '1'), ('101', '2017-01-16 08:02:53', '56', 'yixin.wangjie', '2', 'Changed email.', '4', '1'), ('102', '2017-01-16 08:03:34', '54', 'yixin.xuyongjie', '2', 'Changed username.', '4', '1'), ('103', '2017-01-16 08:04:14', '57', 'yixin.youjun', '1', '', '4', '1'), ('104', '2017-01-16 08:04:18', '57', 'yixin.youjun', '2', 'Changed email.', '4', '1'), ('105', '2017-01-16 08:04:44', '58', 'yixin.zhangjieming', '1', '', '4', '1'), ('106', '2017-01-16 08:04:49', '58', 'yixin.zhangjieming', '2', 'Changed email.', '4', '1'), ('107', '2017-01-16 08:05:23', '59', 'yixin.zhouyongchao', '1', '', '4', '1'), ('108', '2017-01-16 08:05:28', '59', 'yixin.zhouyongchao', '2', 'Changed email.', '4', '1'), ('109', '2017-01-16 08:07:21', '52', 'hzlingbaomei', '2', 'Changed email.', '4', '1'), ('110', '2017-01-16 08:09:45', '4', 'yixin.hongjie', '2', 'Changed email.', '4', '1'), ('111', '2017-01-16 08:09:57', '3', 'yixin.wumenghui', '2', 'Changed email.', '4', '1'), ('112', '2017-01-17 02:16:35', '43', 'yixin.sunningning', '3', '', '4', '1'), ('113', '2017-01-18 05:57:05', '8', '企业易信-接口8.log', '3', '', '22', '1'), ('114', '2017-01-18 05:57:05', '7', '企业易信-接口3.log', '3', '', '22', '1'), ('115', '2017-01-18 05:57:05', '5', '企业易信-接口1.log', '3', '', '22', '1'), ('116', '2017-01-19 03:26:59', '3', '企业易信-用例36.log', '3', '', '26', '1'), ('117', '2017-01-19 03:26:59', '2', '企业易信-用例3.log', '3', '', '26', '1'), ('118', '2017-01-19 03:26:59', '1', '企业易信-用例4.log', '3', '', '26', '1'), ('119', '2017-01-19 03:32:11', '4', '企业易信-用例3.log', '3', '', '26', '1'), ('120', '2017-01-19 12:57:03', '4', '2017-01-19 20:48:16.307640.log', '3', '', '26', '1'), ('121', '2017-01-19 12:57:03', '3', '2017-01-19 20:47:28.167080.log', '3', '', '26', '1'), ('122', '2017-01-19 12:57:03', '2', '2017-01-19 20:46:51.479254.log', '3', '', '26', '1'), ('123', '2017-01-19 12:57:03', '1', '2017-01-19 20:46:43.589584.log', '3', '', '26', '1');
COMMIT;

-- ----------------------------
--  Table structure for `django_content_type`
-- ----------------------------
DROP TABLE IF EXISTS `django_content_type`;
CREATE TABLE `django_content_type` (
  `id` int(11) NOT NULL AUTO_INCREMENT,
  `app_label` varchar(100) NOT NULL,
  `model` varchar(100) NOT NULL,
  PRIMARY KEY (`id`),
  UNIQUE KEY `django_content_type_app_label_3ec8c61c_uniq` (`app_label`,`model`)
) ENGINE=InnoDB AUTO_INCREMENT=31 DEFAULT CHARSET=utf8;

-- ----------------------------
--  Records of `django_content_type`
-- ----------------------------
BEGIN;
INSERT INTO `django_content_type` VALUES ('8', 'account', 'account'), ('13', 'account', 'accountdeletion'), ('11', 'account', 'emailaddress'), ('12', 'account', 'emailconfirmation'), ('9', 'account', 'signupcode'), ('10', 'account', 'signupcoderesult'), ('1', 'admin', 'logentry'), ('3', 'auth', 'group'), ('2', 'auth', 'permission'), ('4', 'auth', 'user'), ('5', 'contenttypes', 'contenttype'), ('14', 'eventlog', 'log'), ('23', 'interface_platform', 'directorytree'), ('18', 'interface_platform', 'itbody'), ('19', 'interface_platform', 'itheader'), ('22', 'interface_platform', 'itlog'), ('21', 'interface_platform', 'itparam'), ('17', 'interface_platform', 'itstatement'), ('15', 'interface_platform', 'project'), ('27', 'interface_platform', 'tag'), ('28', 'interface_platform', 'tagmap'), ('24', 'interface_platform', 'testcase'), ('26', 'interface_platform', 'testcaselog'), ('25', 'interface_platform', 'testcasestep'), ('29', 'interface_platform', 'testsuite'), ('30', 'interface_platform', 'uniid'), ('16', 'interface_platform', 'variable'), ('20', 'interface_platform', 'variableit'), ('6', 'sessions', 'session'), ('7', 'sites', 'site');
COMMIT;

-- ----------------------------
--  Table structure for `django_migrations`
-- ----------------------------
DROP TABLE IF EXISTS `django_migrations`;
CREATE TABLE `django_migrations` (
  `id` int(11) NOT NULL AUTO_INCREMENT,
  `app` varchar(255) NOT NULL,
  `name` varchar(255) NOT NULL,
  `applied` datetime NOT NULL,
  PRIMARY KEY (`id`)
) ENGINE=InnoDB AUTO_INCREMENT=17 DEFAULT CHARSET=utf8;

-- ----------------------------
--  Records of `django_migrations`
-- ----------------------------
BEGIN;
INSERT INTO `django_migrations` VALUES ('1', 'contenttypes', '0001_initial', '2016-12-01 10:36:11'), ('2', 'auth', '0001_initial', '2016-12-01 10:36:19'), ('3', 'account', '0001_initial', '2016-12-01 10:36:28'), ('4', 'account', '0002_fix_str', '2016-12-01 10:36:28'), ('5', 'admin', '0001_initial', '2016-12-01 10:37:00'), ('6', 'contenttypes', '0002_remove_content_type_name', '2016-12-01 10:37:01'), ('7', 'auth', '0002_alter_permission_name_max_length', '2016-12-01 10:37:02'), ('8', 'auth', '0003_alter_user_email_max_length', '2016-12-01 10:37:04'), ('9', 'auth', '0004_alter_user_username_opts', '2016-12-01 10:37:04'), ('10', 'auth', '0005_alter_user_last_login_null', '2016-12-01 10:37:05'), ('11', 'auth', '0006_require_contenttypes_0002', '2016-12-01 10:37:05'), ('12', 'eventlog', '0001_initial', '2016-12-01 10:37:06'), ('13', 'eventlog', '0002_auto_20150113_1450', '2016-12-01 10:37:08'), ('14', 'eventlog', '0003_auto_20160111_0208', '2016-12-01 10:37:08'), ('15', 'sessions', '0001_initial', '2016-12-01 10:37:09'), ('16', 'sites', '0001_initial', '2016-12-01 10:37:10');
COMMIT;

-- ----------------------------
--  Table structure for `django_session`
-- ----------------------------
DROP TABLE IF EXISTS `django_session`;
CREATE TABLE `django_session` (
  `session_key` varchar(40) NOT NULL,
  `session_data` longtext NOT NULL,
  `expire_date` datetime NOT NULL,
  PRIMARY KEY (`session_key`),
  KEY `django_session_de54fa62` (`expire_date`)
) ENGINE=InnoDB DEFAULT CHARSET=utf8;

-- ----------------------------
--  Records of `django_session`
-- ----------------------------
BEGIN;
INSERT INTO `django_session` VALUES ('040dzw7e3m5vwmypunyrf1emsu9j38hy', 'ODFiMTFiN2VhZWU2Mzc3OWUzNDhlMWEwNWM0M2U1MjU5OTgzOTUyYTp7InNhdmVfdGltZSI6MTQ4NDE5Mjg4Mi42NjA4NSwiYXNzb2NfaGFuZGxlIjoie0hNQUMtU0hBMjU2fXs1ODc2ZmM3Mn17ZzFjWVNBPT19IiwiZXhwaXJlc19pbiI6IjEyMDk2MDAiLCJtYWNfa2V5IjoiaXIyOXJYTEpLQ3lzVkkwcUJLc3lpTGZQakxpa2lLb1BZZ1JZU3p4djZ1ND0iLCJhc3NvY190eXBlIjoiSE1BQy1TSEEyNTYifQ==', '2017-01-26 03:48:03'), ('0f7npzy5pi9pavarcpecn3zsw3q0nmoh', 'ZjEyYzZkODE4MDBlMDc0N2E1MDQ5MzRmODlhZWY3ODZkNzk5OTliOTp7ImFzc29jX2hhbmRsZSI6IntITUFDLVNIQTI1Nn17NTg4MDgwNGJ9e3NRKzhwdz09fSIsInByb2plY3RfaWQiOjEsIm1hY19rZXkiOiJHaFl4dDdaaExpZjBISUQ1RkFjZjlWT3ludFRQL1pwSmpNSVBJY3ZSaUp3PSIsIl9hdXRoX3VzZXJfaWQiOiI1IiwiZXhwaXJlc19pbiI6IjEyMDk2MDAiLCJhc3NvY190eXBlIjoiSE1BQy1TSEEyNTYiLCJub2RlX2lkIjoiNyIsIl9hdXRoX3VzZXJfYmFja2VuZCI6ImFjY291bnQuYXV0aF9iYWNrZW5kcy5Vc2VybmFtZUF1dGhlbnRpY2F0aW9uQmFja2VuZCIsIl9hdXRoX3VzZXJfaGFzaCI6ImZjNmY1NGI2MDNhNmQ0YzE1M2U3YWI5MGRhZGNiNzNmNjFlOThmYjIiLCJzYXZlX3RpbWUiOjE0ODQ4MTY0NTkuODQ4MDczfQ==', '2017-02-02 09:01:55'), ('1wzv75o89nh1ly8hoajh5cvw8nt9li9x', 'YjZjZDYyMTcwM2ZlNTJiMmM2MjgwMjQ4MTFlNzU2YmZiMDkwNTdmNDp7fQ==', '2017-01-19 07:25:49'), ('274mu807jok8uypmpu6b120lkzpo6ot9', 'OGQzMmI1MjJjN2IxMmExNGNmYTBjZjgzZDdhZjAyOWMzYWU4ZmI5Yzp7ImFzc29jX2hhbmRsZSI6IntITUFDLVNIQTI1Nn17NTg5ODE0ZjZ9e1BTZU03Zz09fSIsIl9hdXRoX3VzZXJfaGFzaCI6ImY1MWNjMjhkMTdkZDViYjYxZTA3Yzc2YWMxMTQwYWM1ODMzYzc0YTUiLCJtYWNfa2V5Ijoic3NYR3l3ZGJDZzgwRXdpMUUrOXl3RVVwUVJqZERMbjdydHRLLys3bFNvRT0iLCJfYXV0aF91c2VyX2lkIjoiNCIsImN1cnJlbnRfc3RlcF9pbmRleCI6Imxhc3QiLCJleHBpcmVzX2luIjoiMTIwOTYwMCIsImFzc29jX3R5cGUiOiJITUFDLVNIQTI1NiIsIm5vZGVfaWQiOiIxNTciLCJfYXV0aF91c2VyX2JhY2tlbmQiOiJhY2NvdW50LmF1dGhfYmFja2VuZHMuVXNlcm5hbWVBdXRoZW50aWNhdGlvbkJhY2tlbmQiLCJwcm9qZWN0X2lkIjoiNDMiLCJzYXZlX3RpbWUiOjE0ODYzNjE4NDYuMTQ1Nzg1fQ==', '2017-02-24 09:23:42'), ('2e8kwvld44eobxofsytx9ucr2ncvpdgg', 'M2FkZjkwZTE3MWE0ZTMwMTE2ODQ1ZDkzMTEyNTE1YzIxYzhiMTQyYTp7ImFzc29jX2hhbmRsZSI6IntITUFDLVNIQTI1Nn17NTg4MTdlNTV9e1VFWlA0Zz09fSIsInByb2plY3RfaWQiOjEsIm1hY19rZXkiOiJLMTdqcnFoYTVybUtab3U3UkkzT3lLS1pwbGxGV2I5Yk9nckVTOTloSmZRPSIsIl9hdXRoX3VzZXJfaWQiOiI1IiwiZXhwaXJlc19pbiI6IjEyMDk2MDAiLCJhc3NvY190eXBlIjoiSE1BQy1TSEEyNTYiLCJfYXV0aF91c2VyX2JhY2tlbmQiOiJhY2NvdW50LmF1dGhfYmFja2VuZHMuVXNlcm5hbWVBdXRoZW50aWNhdGlvbkJhY2tlbmQiLCJfYXV0aF91c2VyX2hhc2giOiJmYzZmNTRiNjAzYTZkNGMxNTNlN2FiOTBkYWRjYjczZjYxZTk4ZmIyIiwic2F2ZV90aW1lIjoxNDg0ODgxNDkzLjczMTc0Nn0=', '2017-02-03 03:04:55'), ('2iuxolq9hkxjazj3roafbbxj30x9yhfv', 'MTMwOTAyNGJmOWQ4MzQyZmFjOTQ3YWRiNDBhNDcxMjljNzAwM2I3NTp7Il9hdXRoX3VzZXJfaGFzaCI6ImRjN2NiM2U3ZmQ4ZGQ0MWRlZmYxZjJkZTJhNjZlMTUwZDBiZjIxZjMiLCJfYXV0aF91c2VyX2JhY2tlbmQiOiJhY2NvdW50LmF1dGhfYmFja2VuZHMuVXNlcm5hbWVBdXRoZW50aWNhdGlvbkJhY2tlbmQiLCJfYXV0aF91c2VyX2lkIjoiMSJ9', '2017-01-20 12:15:30'), ('2oxqki9hht2bzm9mcv9cyvqa5pdyh4dv', 'NDJhOTM4Nzk4ZTliMjVkZTcyNzUwMDVhYTQwZGY5MzUzZDZiOWI5Njp7ImFzc29jX2hhbmRsZSI6IntITUFDLVNIQTI1Nn17NTg3NzE1ZWV9e1pROGtKUT09fSIsIl9hdXRoX3VzZXJfaGFzaCI6Ijk4ZTc3NGM5ZmQyY2E0ZmIxNGJlZTdjNDkzY2FjM2RmYWQ4NzQ3YTUiLCJtYWNfa2V5IjoiTXRTRXJtbml3UmdwVmNacFJFZ1ZIUzlUYklkb3lIZnZER0lBU2doSFVKbz0iLCJfYXV0aF91c2VyX2lkIjoiNDkiLCJleHBpcmVzX2luIjoiMTIwOTYwMCIsImFzc29jX3R5cGUiOiJITUFDLVNIQTI1NiIsIm5vZGVfaWQiOiI3IiwiX2F1dGhfdXNlcl9iYWNrZW5kIjoiYWNjb3VudC5hdXRoX2JhY2tlbmRzLlVzZXJuYW1lQXV0aGVudGljYXRpb25CYWNrZW5kIiwicHJvamVjdF9pZCI6MSwic2F2ZV90aW1lIjoxNDg0MTk5NDA2LjExMTg0Mn0=', '2017-01-26 05:39:54'), ('2r9aimzrhcxauii3z7k6r4c1h8kforkg', 'ZTZkMjUzNmM3YTRjN2U3ZGJiN2MwNzc3NTQyM2UwMzZhM2U5NTUwYzp7Il9hdXRoX3VzZXJfaWQiOiIyNSIsInByb2plY3RfaWQiOjEsIl9hdXRoX3VzZXJfaGFzaCI6Ijc4OGI1MjIyZTU3ZjFjZTU3ZjIxODEwZjIxZWM4ZTYwMmNlZWVjN2MiLCJfYXV0aF91c2VyX2JhY2tlbmQiOiJhY2NvdW50LmF1dGhfYmFja2VuZHMuVXNlcm5hbWVBdXRoZW50aWNhdGlvbkJhY2tlbmQifQ==', '2017-01-22 04:58:06'), ('317xtks1tjrwols3z261dpv2m4vgztml', 'YzZmNjg5OTMyYWUzNThlODAwM2I0ZTNkNzcyNDkwNzQ1M2E3MzU4ZDp7ImFzc29jX2hhbmRsZSI6IntITUFDLVNIQTI1Nn17NTg3ZjE1ZDF9ezJtYXVqZz09fSIsIm1hY19rZXkiOiJBbE9nT0lMbVRhUE5rZkhSTmhZaXpxL0lid1h5N1RzV0EzK2JiSGcrQ2xJPSIsImV4cGlyZXNfaW4iOiIxMjA5NjAwIiwiYXNzb2NfdHlwZSI6IkhNQUMtU0hBMjU2IiwicHJvamVjdF9pZCI6MSwic2F2ZV90aW1lIjoxNDg0NzIzNjY1LjE4NTY1OX0=', '2017-02-01 07:14:32'), ('3md4n6j15gjmuorzm8ffjilra4ko9pfh', 'NWE5MTYzZTZkZjljOGY2MDNlMWI5Y2Q2YzA3Y2UzNTFiOTFjOTMxYTp7Im5vZGVfaWQiOiI3IiwiX2F1dGhfdXNlcl9pZCI6IjUiLCJwcm9qZWN0X2lkIjoxLCJfYXV0aF91c2VyX2hhc2giOiJmYzZmNTRiNjAzYTZkNGMxNTNlN2FiOTBkYWRjYjczZjYxZTk4ZmIyIiwiX2F1dGhfdXNlcl9iYWNrZW5kIjoiYWNjb3VudC5hdXRoX2JhY2tlbmRzLlVzZXJuYW1lQXV0aGVudGljYXRpb25CYWNrZW5kIn0=', '2017-02-02 03:32:23'), ('3mwu0g6rjehjskwn0bsfy7b6rdkqhinf', 'YjZjZDYyMTcwM2ZlNTJiMmM2MjgwMjQ4MTFlNzU2YmZiMDkwNTdmNDp7fQ==', '2016-12-20 03:25:54'), ('3wn68mtk77fb4dbzzejyeuo714o1abn0', 'ZmJmOGZmNjFiOWZkYzA4NmNkMTE4ZTAzODE3ZTY4ZjFiNDkwNjhkZjp7ImFzc29jX2hhbmRsZSI6IntITUFDLVNIQTI1Nn17NTg4MGFhMzV9e3UvcGtUZz09fSIsIl9hdXRoX3VzZXJfaGFzaCI6ImZjNmY1NGI2MDNhNmQ0YzE1M2U3YWI5MGRhZGNiNzNmNjFlOThmYjIiLCJtYWNfa2V5IjoiOFh2U01IQjZtbVhlUVZuNllpNVFFaUk3azJjR05OUDV0VytZVzNSY0FPdz0iLCJfYXV0aF91c2VyX2lkIjoiNSIsImV4cGlyZXNfaW4iOiIxMjA5NjAwIiwiYXNzb2NfdHlwZSI6IkhNQUMtU0hBMjU2Iiwibm9kZV9pZCI6IjciLCJfYXV0aF91c2VyX2JhY2tlbmQiOiJhY2NvdW50LmF1dGhfYmFja2VuZHMuVXNlcm5hbWVBdXRoZW50aWNhdGlvbkJhY2tlbmQiLCJwcm9qZWN0X2lkIjoxLCJzYXZlX3RpbWUiOjE0ODQ4MjcxODkuODQwMTI0fQ==', '2017-02-02 11:59:56'), ('4okj7a05fbcc88j4z2nttlty835ghdp0', 'MmI0NDMzNTQzMTZkMGNlM2I0MzQ4OGU0YTVhNzI0OTk4ODEwYTA3Mjp7InNhdmVfdGltZSI6MTQ4NDE5ODcyNS4zMDE4MjksImFzc29jX2hhbmRsZSI6IntITUFDLVNIQTI1Nn17NTg3NzEzNDV9e21McytUUT09fSIsImV4cGlyZXNfaW4iOiIxMjA5NjAwIiwibWFjX2tleSI6Ink3V2xYVStjVU92bkx6Ykx2clRZQUhPeWx5SUUza296VmFQSXFnb2FhK009IiwiYXNzb2NfdHlwZSI6IkhNQUMtU0hBMjU2In0=', '2017-01-26 05:25:25'), ('4r2byc60s1gcizngsy51gpjzoobuh1rm', 'ZTZhM2VkNTZjYjc0NGI5ODdjNjY4M2QyZDYyM2MwZGZkNzI4YzE4MTp7ImFzc29jX2hhbmRsZSI6IntITUFDLVNIQTI1Nn17NTg4MzAzMWR9e043T0dOZz09fSIsInByb2plY3RfaWQiOiIyIiwibWFjX2tleSI6IjE4MlZDSWFrOWpkcHQ4bDBTTzU5bmhYU3VIYW04aVBVZHNaZk1scWtYTVE9IiwiX2F1dGhfdXNlcl9pZCI6IjQiLCJleHBpcmVzX2luIjoiMTIwOTYwMCIsImFzc29jX3R5cGUiOiJITUFDLVNIQTI1NiIsIm5vZGVfaWQiOiI5IiwiX2F1dGhfdXNlcl9iYWNrZW5kIjoiYWNjb3VudC5hdXRoX2JhY2tlbmRzLlVzZXJuYW1lQXV0aGVudGljYXRpb25CYWNrZW5kIiwiX2F1dGhfdXNlcl9oYXNoIjoiZjUxY2MyOGQxN2RkNWJiNjFlMDdjNzZhYzExNDBhYzU4MzNjNzRhNSIsInNhdmVfdGltZSI6MTQ4NDk4MTAyMS4zMDg0NjZ9', '2017-02-05 07:30:42'), ('4s9untkvk342fwyslm299iqs83ky28rt', 'ZjRiYTFjNzRjMjk4YzVjMmY4Yjg4MTU2MDEwNjUzOGFlYThhOWY2Njp7Il9hdXRoX3VzZXJfaWQiOiIxIiwicHJvamVjdF9pZCI6MzIsIl9hdXRoX3VzZXJfaGFzaCI6ImRjN2NiM2U3ZmQ4ZGQ0MWRlZmYxZjJkZTJhNjZlMTUwZDBiZjIxZjMiLCJfYXV0aF91c2VyX2JhY2tlbmQiOiJhY2NvdW50LmF1dGhfYmFja2VuZHMuVXNlcm5hbWVBdXRoZW50aWNhdGlvbkJhY2tlbmQiLCJfc2Vzc2lvbl9leHBpcnkiOjB9', '2017-01-05 06:42:29'), ('4uuvgfekbjuaj80h1rsv8zv77e00gbih', 'NWE5MTYzZTZkZjljOGY2MDNlMWI5Y2Q2YzA3Y2UzNTFiOTFjOTMxYTp7Im5vZGVfaWQiOiI3IiwiX2F1dGhfdXNlcl9pZCI6IjUiLCJwcm9qZWN0X2lkIjoxLCJfYXV0aF91c2VyX2hhc2giOiJmYzZmNTRiNjAzYTZkNGMxNTNlN2FiOTBkYWRjYjczZjYxZTk4ZmIyIiwiX2F1dGhfdXNlcl9iYWNrZW5kIjoiYWNjb3VudC5hdXRoX2JhY2tlbmRzLlVzZXJuYW1lQXV0aGVudGljYXRpb25CYWNrZW5kIn0=', '2017-02-05 08:06:58'), ('4v5un7wmmf69r2uu7fv88jmnlqnk0c59', 'YzU3Y2EyZTQyM2MzOGNlMDY3NWQ3OGIwMmVkM2RmZDllOTZkNjgzNTp7InNhdmVfdGltZSI6MTQ4NDE5ODAyNC41NDA4MTksImFzc29jX2hhbmRsZSI6IntITUFDLVNIQTI1Nn17NTg3NzEwODh9e3RqM2dFdz09fSIsImV4cGlyZXNfaW4iOiIxMjA5NjAwIiwibWFjX2tleSI6Imx0K21aTGdzWGVlNUQ3a0t1WEsxc1d4VnVTN0E4TGVXZGdHbUlqRzNjcVE9IiwiYXNzb2NfdHlwZSI6IkhNQUMtU0hBMjU2In0=', '2017-01-26 05:13:45'), ('4xuvhtc8rnxe5rybmiqzhbtr2mvgocb8', 'NTAzMjY0NGI2NzQ4NDZiMjhlODVhODQzOTRmYjVhYWJkYmU0MWEyMjp7ImFzc29jX2hhbmRsZSI6IntITUFDLVNIQTI1Nn17NTg4MDg2MWJ9e05LbnNyQT09fSIsInByb2plY3RfaWQiOjEsIm1hY19rZXkiOiJOVTFjakpncEZST29sTk1uRWlPbkphTkV5K2hBWk8xWWdzZlpYeGc2V2I0PSIsIl9hdXRoX3VzZXJfaWQiOiI1IiwiZXhwaXJlc19pbiI6IjEyMDk2MDAiLCJhc3NvY190eXBlIjoiSE1BQy1TSEEyNTYiLCJub2RlX2lkIjoiNyIsIl9hdXRoX3VzZXJfYmFja2VuZCI6ImFjY291bnQuYXV0aF9iYWNrZW5kcy5Vc2VybmFtZUF1dGhlbnRpY2F0aW9uQmFja2VuZCIsIl9hdXRoX3VzZXJfaGFzaCI6ImZjNmY1NGI2MDNhNmQ0YzE1M2U3YWI5MGRhZGNiNzNmNjFlOThmYjIiLCJzYXZlX3RpbWUiOjE0ODQ4MTc5NDcuNzUyMDIzfQ==', '2017-02-02 09:30:49'), ('509lqg0dh7hqnfj4amn8ec2uw91i61ki', 'OGMyNTM1MTgwNWNkMWJmNWI0ODJmNWQ4NjVkNmZjMzljMDA3ODg1ODp7InByb2plY3RfaWQiOjF9', '2017-01-20 08:21:31'), ('50irlcfdxkwfc9or5jwppxrp9a97jen2', 'MDBhYjgxMWJkYzNmNjg0YjY0MTczNWIzYzJkN2Q2YzJlOThhOWY0ODp7ImFzc29jX2hhbmRsZSI6IntITUFDLVNIQTI1Nn17NTg4MDgyZjh9e3djMVpBdz09fSIsIl9hdXRoX3VzZXJfaGFzaCI6ImZjNmY1NGI2MDNhNmQ0YzE1M2U3YWI5MGRhZGNiNzNmNjFlOThmYjIiLCJtYWNfa2V5IjoidnViREIycTIvVEdKNm1WcysrNVY0amoycExrRVBBVHlNL0lWUUp1YmhrWT0iLCJfYXV0aF91c2VyX2lkIjoiNSIsImV4cGlyZXNfaW4iOiIxMjA5NjAwIiwiYXNzb2NfdHlwZSI6IkhNQUMtU0hBMjU2Iiwibm9kZV9pZCI6IjciLCJfYXV0aF91c2VyX2JhY2tlbmQiOiJhY2NvdW50LmF1dGhfYmFja2VuZHMuVXNlcm5hbWVBdXRoZW50aWNhdGlvbkJhY2tlbmQiLCJwcm9qZWN0X2lkIjoxLCJzYXZlX3RpbWUiOjE0ODQ4MTcxNDQuMDk3NzE5fQ==', '2017-02-02 09:12:31'), ('5yab4sd1cug550ofzp3toezb6t8rjrz0', 'YWUwY2EzYmJiMjljODQyZmEyNzYwODg0ZWNhYzY0NWVjYTA4ZTVkZDp7ImFzc29jX2hhbmRsZSI6IntITUFDLVNIQTI1Nn17NTg4MWFjYzl9e29EaWx1QT09fSIsInByb2plY3RfaWQiOjEsIm1hY19rZXkiOiJRdWg3YTNnL3llYW8wTnBEaUtwNmNHMURyVWNqc2dCY0VJSzBNZjJGK2VRPSIsIl9hdXRoX3VzZXJfaWQiOiI1IiwiZXhwaXJlc19pbiI6IjEyMDk2MDAiLCJhc3NvY190eXBlIjoiSE1BQy1TSEEyNTYiLCJfYXV0aF91c2VyX2JhY2tlbmQiOiJhY2NvdW50LmF1dGhfYmFja2VuZHMuVXNlcm5hbWVBdXRoZW50aWNhdGlvbkJhY2tlbmQiLCJfYXV0aF91c2VyX2hhc2giOiJmYzZmNTRiNjAzYTZkNGMxNTNlN2FiOTBkYWRjYjczZjYxZTk4ZmIyIiwic2F2ZV90aW1lIjoxNDg0ODkzMzg1LjkyNTI0Nn0=', '2017-02-03 06:23:08'), ('68jfovf3uh97qgd4bkq3irel4t2i549o', 'MGJkOGIzYjhmMzc3ZjdkZDVjNzMwM2E5MTEzMjIwZDk2MGMzYzM2Yzp7Il9zZXNzaW9uX2V4cGlyeSI6MCwiX2F1dGhfdXNlcl9oYXNoIjoiNWQ5MjM2OWU4N2QzMzUxMWY0YWY1ZWJiNTUzY2VjNDc1ZTIyYTNmNyIsIl9hdXRoX3VzZXJfYmFja2VuZCI6ImFjY291bnQuYXV0aF9iYWNrZW5kcy5Vc2VybmFtZUF1dGhlbnRpY2F0aW9uQmFja2VuZCIsIl9hdXRoX3VzZXJfaWQiOiI4In0=', '2017-01-11 11:31:28'), ('6ico4uqcaagj2jmiw9uz1pl80sdmrov6', 'NTg1NGY0Y2YzNTA0M2NmMzYyODE5MjAyNzgzMGJlZjdkYjVjNzZkYzp7Il9zZXNzaW9uX2V4cGlyeSI6MCwiX2F1dGhfdXNlcl9oYXNoIjoiNzJjZWNhZDU1YjkwNTdiODc0ZjA4ODliZWNmMWFkYzhjMjBmMTVlZSIsIl9hdXRoX3VzZXJfYmFja2VuZCI6ImFjY291bnQuYXV0aF9iYWNrZW5kcy5Vc2VybmFtZUF1dGhlbnRpY2F0aW9uQmFja2VuZCIsIl9hdXRoX3VzZXJfaWQiOiIzIn0=', '2016-12-21 12:05:40'), ('6xr7j1mg3fov3zhkcc66y8b2uw31izff', 'YjZjZDYyMTcwM2ZlNTJiMmM2MjgwMjQ4MTFlNzU2YmZiMDkwNTdmNDp7fQ==', '2017-01-19 07:27:13'), ('7012bm114g0g3x2r1dst8ml73febb4rz', 'ZWZmZTNlNjZmOTI1MmExMjMyMTUxMTI4NThlNDBhZTZkMjkyMmUwNDp7InByb2plY3RfaWQiOjEsIl9hdXRoX3VzZXJfaWQiOiIxIiwiX2F1dGhfdXNlcl9oYXNoIjoiZGM3Y2IzZTdmZDhkZDQxZGVmZjFmMmRlMmE2NmUxNTBkMGJmMjFmMyIsIl9hdXRoX3VzZXJfYmFja2VuZCI6ImFjY291bnQuYXV0aF9iYWNrZW5kcy5Vc2VybmFtZUF1dGhlbnRpY2F0aW9uQmFja2VuZCIsIl9zZXNzaW9uX2V4cGlyeSI6MH0=', '2016-12-30 02:49:39'), ('72fcignqqk0rwftvuke3xrroblica7m1', 'NjIwYjNiNWY2YTIxYjQ2MDkzMWM5MzY1YTA5YjhhOTkzODlhZDI3ODp7Il9zZXNzaW9uX2V4cGlyeSI6MCwiX2F1dGhfdXNlcl9iYWNrZW5kIjoiYWNjb3VudC5hdXRoX2JhY2tlbmRzLlVzZXJuYW1lQXV0aGVudGljYXRpb25CYWNrZW5kIiwicHJvamVjdF9pZCI6MSwiX2F1dGhfdXNlcl9oYXNoIjoiZGM3Y2IzZTdmZDhkZDQxZGVmZjFmMmRlMmE2NmUxNTBkMGJmMjFmMyIsIl9hdXRoX3VzZXJfaWQiOiIxIn0=', '2017-01-12 13:12:14'), ('74lvip955se0fhdb4mo1z4628pwpav4w', 'ZDQ2MzE3YzRiMDM2MzZkMTFjMjFmOWE5NGI1OGI3NTA3YTZkM2IxMzp7InNhdmVfdGltZSI6MTQ4NDI3MjgzNS44NjIwNzIsImFzc29jX2hhbmRsZSI6IntITUFDLVNIQTI1Nn17NTg3ODM0YzN9ezJlbHFrQT09fSIsImV4cGlyZXNfaW4iOiIxMjA5NjAwIiwibWFjX2tleSI6IkFpekx4bDNTbWoxUXo4R0Y0TkxXZ2NhMy8rR1QzdkVWM3RzS2FnU1U2SWc9IiwiYXNzb2NfdHlwZSI6IkhNQUMtU0hBMjU2In0=', '2017-01-27 02:00:36'), ('75ota74qoktts058akg4nb9yl5ct8osr', 'Mzc1YmNlMGYwYWE3MTdlYzQ1ZjY3YmI0ZDkzMzI4OTkwYWM1ZmE1ODp7Il9hdXRoX3VzZXJfaWQiOiIxIiwicHJvamVjdF9pZCI6MSwiX2F1dGhfdXNlcl9oYXNoIjoiZGM3Y2IzZTdmZDhkZDQxZGVmZjFmMmRlMmE2NmUxNTBkMGJmMjFmMyIsIl9hdXRoX3VzZXJfYmFja2VuZCI6ImFjY291bnQuYXV0aF9iYWNrZW5kcy5Vc2VybmFtZUF1dGhlbnRpY2F0aW9uQmFja2VuZCIsIl9zZXNzaW9uX2V4cGlyeSI6MH0=', '2017-01-11 12:53:24'), ('7kvagfz2hbnk1d8bluuv5lbuaahlaj1z', 'NDZiYjBkZDM5NWJmMGM0NTI5YmQ1OTRhM2Y2NjNhZWM4YTYzYTE0MDp7Il9zZXNzaW9uX2V4cGlyeSI6MCwicHJvamVjdF9pZCI6IjEiLCJfYXV0aF91c2VyX2hhc2giOiJkYzdjYjNlN2ZkOGRkNDFkZWZmMWYyZGUyYTY2ZTE1MGQwYmYyMWYzIiwiX2F1dGhfdXNlcl9iYWNrZW5kIjoiYWNjb3VudC5hdXRoX2JhY2tlbmRzLlVzZXJuYW1lQXV0aGVudGljYXRpb25CYWNrZW5kIiwiX2F1dGhfdXNlcl9pZCI6IjEifQ==', '2016-12-23 10:54:12'), ('7rg4e95zrrmikhiamrlth7coc0vsg1fr', 'ZDVmYjRlODdkYWFiZDM4MWEyOWIxMTEwOGFjNmNjYzJmODQ0ODNiZjp7Il9hdXRoX3VzZXJfaGFzaCI6ImRjN2NiM2U3ZmQ4ZGQ0MWRlZmYxZjJkZTJhNjZlMTUwZDBiZjIxZjMiLCJfYXV0aF91c2VyX2lkIjoiMSIsIl9hdXRoX3VzZXJfYmFja2VuZCI6ImFjY291bnQuYXV0aF9iYWNrZW5kcy5Vc2VybmFtZUF1dGhlbnRpY2F0aW9uQmFja2VuZCIsIm5vZGVfaWQiOiI4IiwiX3Nlc3Npb25fZXhwaXJ5IjowLCJwcm9qZWN0X2lkIjoxfQ==', '2017-01-20 03:01:58'), ('815djs3aao2vw4swpgnnqbajtf9tas4c', 'ZGEwZDM3YTU4ZTZkODAwMjFhMzM1NDVmMWZkYjY0YmU0MDkzZGQ4Mzp7ImFzc29jX2hhbmRsZSI6IntITUFDLVNIQTI1Nn17NTg5ZDIxZjF9ezRDbGVhZz09fSIsInByb2plY3RfaWQiOiI0MyIsIm1hY19rZXkiOiJjLzFiTURpT0N5aGhaUU1veERTSVhBQi9hTCtvSEJXekZHSWJSOUM2VU1VPSIsIl9hdXRoX3VzZXJfaWQiOiI1IiwiZXhwaXJlc19pbiI6IjEyMDk2MDAiLCJhc3NvY190eXBlIjoiSE1BQy1TSEEyNTYiLCJfYXV0aF91c2VyX2JhY2tlbmQiOiJhY2NvdW50LmF1dGhfYmFja2VuZHMuVXNlcm5hbWVBdXRoZW50aWNhdGlvbkJhY2tlbmQiLCJfYXV0aF91c2VyX2hhc2giOiJmYzZmNTRiNjAzYTZkNGMxNTNlN2FiOTBkYWRjYjczZjYxZTk4ZmIyIiwic2F2ZV90aW1lIjoxNDg2NjkyODQ5LjgwODIyM30=', '2017-02-24 02:14:22'), ('82fwt2af2tc7899bily40k85mjwj2884', 'Y2EwYzQ0ZTNiNjg3ZjlkMWExMTkwZDQzODMzYzg2MjYyYTc0YzMyMDp7ImFzc29jX2hhbmRsZSI6IntITUFDLVNIQTI1Nn17NTg5YWM1ZDF9e1FhYXh0UT09fSIsIl9hdXRoX3VzZXJfaGFzaCI6IjcyY2VjYWQ1NWI5MDU3Yjg3NGYwODg5YmVjZjFhZGM4YzIwZjE1ZWUiLCJtYWNfa2V5IjoiVTNqUzVIVDFjNVpqdDVhWmZUbS9uSTI4T2wrd3ZLUG82K0wyRTRXQ25wUT0iLCJfYXV0aF91c2VyX2lkIjoiMyIsImV4cGlyZXNfaW4iOiIxMjA5NjAwIiwiYXNzb2NfdHlwZSI6IkhNQUMtU0hBMjU2IiwiX2F1dGhfdXNlcl9iYWNrZW5kIjoiYWNjb3VudC5hdXRoX2JhY2tlbmRzLlVzZXJuYW1lQXV0aGVudGljYXRpb25CYWNrZW5kIiwicHJvamVjdF9pZCI6IjQyIiwic2F2ZV90aW1lIjoxNDg2NTM4MTkzLjgwNjU1Nn0=', '2017-02-23 03:17:48'), ('83wqk7jf52s5adasc3l9b6qggfpjfx3x', 'NjBkZmJlNTYxMDUwNzNlZWYzZWU2YmU4YTMwYWQ4MzAyNzQ5ZmUxMjp7ImFzc29jX2hhbmRsZSI6IntITUFDLVNIQTI1Nn17NTg5ZDZkNTR9e0YyN2x0dz09fSIsInByb2plY3RfaWQiOjEsIm1hY19rZXkiOiJaWHFxTFc3VVBDeURKTURIa1FiaUM4TzVpUnFIQ3ByR0tOVTRGenJHeDJVPSIsIl9hdXRoX3VzZXJfaWQiOiI1NSIsImV4cGlyZXNfaW4iOiIxMjA5NjAwIiwiX2F1dGhfdXNlcl9iYWNrZW5kIjoiYWNjb3VudC5hdXRoX2JhY2tlbmRzLlVzZXJuYW1lQXV0aGVudGljYXRpb25CYWNrZW5kIiwibm9kZV9pZCI6IjMiLCJhc3NvY190eXBlIjoiSE1BQy1TSEEyNTYiLCJfYXV0aF91c2VyX2hhc2giOiJkZGQzMmJkYzU4MWVkZWVmMWIxZGY1MGFmNGIyMWIwZDQxOTIwNTQ2Iiwic2F2ZV90aW1lIjoxNDg2NzEyMTQ4LjU0ODI5Nn0=', '2017-02-24 07:35:50'), ('8jixgu57lpjzr2gztanujazgxmmesczy', 'NDdlYjMwZjUyY2EzZDRkYjJkYTc2OGYxMGE1MzcyMWU0OTg2NjZjODp7ImFzc29jX2hhbmRsZSI6IntITUFDLVNIQTI1Nn17NTg5OTdkNDl9ezJZKzdKUT09fSIsInByb2plY3RfaWQiOjEsIm1hY19rZXkiOiJSeEdTMS9SSllhVmdzbkpzSEp3RnBnMU95T0NRb2krYzB4SFM4VWk5YXFvPSIsIl9hdXRoX3VzZXJfaWQiOiI1NSIsImV4cGlyZXNfaW4iOiIxMjA5NjAwIiwiYXNzb2NfdHlwZSI6IkhNQUMtU0hBMjU2IiwiX2F1dGhfdXNlcl9iYWNrZW5kIjoiYWNjb3VudC5hdXRoX2JhY2tlbmRzLlVzZXJuYW1lQXV0aGVudGljYXRpb25CYWNrZW5kIiwiX2F1dGhfdXNlcl9oYXNoIjoiZGRkMzJiZGM1ODFlZGVlZjFiMWRmNTBhZjRiMjFiMGQ0MTkyMDU0NiIsInNhdmVfdGltZSI6MTQ4NjQ1NDA4OS42OTMxNzV9', '2017-02-21 07:54:51'), ('8m32wfu266ycr3d2vjwj993epj2gtnun', 'NzFmNzM5ZDIzZWJjYmE0MDI1ZTI0MGZmYjgwMjRhM2VhMGYzZmNkYzp7ImFzc29jX2hhbmRsZSI6IntITUFDLVNIQTI1Nn17NTg4MDdlOTF9e21QOXVvQT09fSIsIl9hdXRoX3VzZXJfaGFzaCI6ImZjNmY1NGI2MDNhNmQ0YzE1M2U3YWI5MGRhZGNiNzNmNjFlOThmYjIiLCJtYWNfa2V5IjoiaFhjYWgwYlVBNENWYVl0ODhCQlpJdHdsT0R1WlV0cGpZQmo1ZFhqYkZaVT0iLCJfYXV0aF91c2VyX2lkIjoiNSIsImV4cGlyZXNfaW4iOiIxMjA5NjAwIiwiYXNzb2NfdHlwZSI6IkhNQUMtU0hBMjU2Iiwibm9kZV9pZCI6IjciLCJfYXV0aF91c2VyX2JhY2tlbmQiOiJhY2NvdW50LmF1dGhfYmFja2VuZHMuVXNlcm5hbWVBdXRoZW50aWNhdGlvbkJhY2tlbmQiLCJwcm9qZWN0X2lkIjoxLCJzYXZlX3RpbWUiOjE0ODQ4MTYwMTcuNzgxMzE4fQ==', '2017-02-02 08:53:44'), ('942c3yn5xfhyq4551h48hrvjxdnthg3r', 'MDNmYjY1ZDhkOWExODFhNDE4YjI2YWJmNDUzMzljNWRlYzk1ZmRmNjp7ImFzc29jX2hhbmRsZSI6IntITUFDLVNIQTI1Nn17NTg3NzE2ODl9e202MlpYQT09fSIsInByb2plY3RfaWQiOiIxIiwibWFjX2tleSI6Ik94MmlJVTFMdWJ5bC8vZ1ZUUXhQTHZFbGQ4V1NrbG15WEprR0RhS1NmekU9IiwiX2F1dGhfdXNlcl9pZCI6IjQiLCJleHBpcmVzX2luIjoiMTIwOTYwMCIsIl9hdXRoX3VzZXJfYmFja2VuZCI6ImFjY291bnQuYXV0aF9iYWNrZW5kcy5Vc2VybmFtZUF1dGhlbnRpY2F0aW9uQmFja2VuZCIsIm5vZGVfaWQiOiI3MCIsImFzc29jX3R5cGUiOiJITUFDLVNIQTI1NiIsIl9hdXRoX3VzZXJfaGFzaCI6ImY1MWNjMjhkMTdkZDViYjYxZTA3Yzc2YWMxMTQwYWM1ODMzYzc0YTUiLCJzYXZlX3RpbWUiOjE0ODQxOTk1NjEuMjg2Nzd9', '2017-02-01 07:32:28'), ('9cm9ygz6bjhwzcgbdifr72nsdf0wl1kd', 'M2ZiZTdmZGE1ODQ1Yzc4NjQ5NjNjYzIzODllOGRlNjUyODNkNTZhMjp7ImFzc29jX2hhbmRsZSI6IntITUFDLVNIQTI1Nn17NTg3ZGFmZmF9e25jNmRjdz09fSIsIl9hdXRoX3VzZXJfaGFzaCI6ImZjNmY1NGI2MDNhNmQ0YzE1M2U3YWI5MGRhZGNiNzNmNjFlOThmYjIiLCJtYWNfa2V5IjoiUGVIaW81NENOaGFDZnN0NE5OQ0I3WUljb1htd1IxaW91VGI3YlQrY2VVND0iLCJfYXV0aF91c2VyX2lkIjoiNSIsImV4cGlyZXNfaW4iOiIxMjA5NjAwIiwiYXNzb2NfdHlwZSI6IkhNQUMtU0hBMjU2IiwiX2F1dGhfdXNlcl9iYWNrZW5kIjoiYWNjb3VudC5hdXRoX2JhY2tlbmRzLlVzZXJuYW1lQXV0aGVudGljYXRpb25CYWNrZW5kIiwicHJvamVjdF9pZCI6MSwic2F2ZV90aW1lIjoxNDg0NjMyMDU4LjMwMjE3N30=', '2017-01-31 07:18:43'), ('9rrqc97lcr43myvkmkfz0ww6muho3bg9', 'NDgxOWEwYzdjZTE3MGI5OGNjMDYwYjU5ZTNiZDcwZDk2MzU4OTJjZTp7InNhdmVfdGltZSI6MTQ4NDE5MzA1My4xNjc0MTcsImFzc29jX2hhbmRsZSI6IntITUFDLVNIQTI1Nn17NTg3NmZkMWR9ezJLRXE5dz09fSIsImV4cGlyZXNfaW4iOiIxMjA5NjAwIiwibWFjX2tleSI6IjgzR2V6U0I5TXFMZjI4dktLQjJMUFRNZmhsS2Rmc2ZSZW5IeUVTZ1lPNnc9IiwiYXNzb2NfdHlwZSI6IkhNQUMtU0hBMjU2In0=', '2017-01-26 03:50:53'), ('9ud9jcb87ex0zyr7k2zr7fgx23n9k9xq', 'YjZjZDYyMTcwM2ZlNTJiMmM2MjgwMjQ4MTFlNzU2YmZiMDkwNTdmNDp7fQ==', '2017-01-19 07:27:15'), ('a0ips1mys8szl8lpr6lc3ja30s35f12u', 'ZmFhOWZkMTBmYWI3YWFhZTAzZTY2OGFjYzY3MzEwMGRjZDYzNmY3Yzp7Il9zZXNzaW9uX2V4cGlyeSI6MCwiX2F1dGhfdXNlcl9oYXNoIjoiZGM3Y2IzZTdmZDhkZDQxZGVmZjFmMmRlMmE2NmUxNTBkMGJmMjFmMyIsIl9hdXRoX3VzZXJfYmFja2VuZCI6ImFjY291bnQuYXV0aF9iYWNrZW5kcy5Vc2VybmFtZUF1dGhlbnRpY2F0aW9uQmFja2VuZCIsIl9hdXRoX3VzZXJfaWQiOiIxIn0=', '2016-12-22 03:04:48'), ('a58nvt566ku569gqe6vjig0moajjv5du', 'MDA0YThhNzE2MDRiNzMzOGJkMmE3MjYzZjY3NDM2Y2Y0Y2I0YWRkZjp7Im5vZGVfaWQiOiI4IiwiX2F1dGhfdXNlcl9iYWNrZW5kIjoiYWNjb3VudC5hdXRoX2JhY2tlbmRzLlVzZXJuYW1lQXV0aGVudGljYXRpb25CYWNrZW5kIiwicHJvamVjdF9pZCI6MSwiX2F1dGhfdXNlcl9oYXNoIjoiMTU0MDcxMjdkODE1YzFjNDdhYzE2YjFmYjk2MWExNzM0MDQ4ODc3MSIsIl9hdXRoX3VzZXJfaWQiOiI0NSJ9', '2017-01-23 02:45:37'), ('a6wje4tysbhcbw5sdnzohc7m6fia11f4', 'NjIwYjNiNWY2YTIxYjQ2MDkzMWM5MzY1YTA5YjhhOTkzODlhZDI3ODp7Il9zZXNzaW9uX2V4cGlyeSI6MCwiX2F1dGhfdXNlcl9iYWNrZW5kIjoiYWNjb3VudC5hdXRoX2JhY2tlbmRzLlVzZXJuYW1lQXV0aGVudGljYXRpb25CYWNrZW5kIiwicHJvamVjdF9pZCI6MSwiX2F1dGhfdXNlcl9oYXNoIjoiZGM3Y2IzZTdmZDhkZDQxZGVmZjFmMmRlMmE2NmUxNTBkMGJmMjFmMyIsIl9hdXRoX3VzZXJfaWQiOiIxIn0=', '2016-12-27 11:24:56'), ('a7gvhkg1l4kkjkcrsuzm5rz6u1cxjntj', 'NDA5MTI1Yjk0NmU3YTBkNWExYTE1MDcwY2Q0YWUyNDhlNmRmZWVhZDp7InNhdmVfdGltZSI6MTQ4NDE5MjA3MS4yMTY0OTUsImFzc29jX2hhbmRsZSI6IntITUFDLVNIQTI1Nn17NTg3NmY5NDd9ezRLbmFYZz09fSIsImV4cGlyZXNfaW4iOiIxMjA5NjAwIiwibWFjX2tleSI6IjRJTGpvZ0ltemNtaDhDY0RUMHFUOHkrQTJvOTFTeTNUTmYveVZ6SEx1QWs9IiwiYXNzb2NfdHlwZSI6IkhNQUMtU0hBMjU2In0=', '2017-01-26 03:34:31'), ('ak0702dxmkrxogyqqvr2uyfqtc080jj6', 'NzQ5YjMzYjhlYTlmZTVhZjYzYzMwMjg1YjgwYWYyNzhlNzk1NTczYjp7ImFzc29jX2hhbmRsZSI6IntITUFDLVNIQTI1Nn17NTg4MWUxMTJ9e0tDYVF0dz09fSIsIl9hdXRoX3VzZXJfaGFzaCI6IjcyY2VjYWQ1NWI5MDU3Yjg3NGYwODg5YmVjZjFhZGM4YzIwZjE1ZWUiLCJtYWNfa2V5IjoiMndOV0htUFRZemJiVHpQTDU2R3VjVU90OHVhcnpQSFQyN01SeUNocVdGMD0iLCJfYXV0aF91c2VyX2lkIjoiMyIsImN1cnJlbnRfc3RlcF9pbmRleCI6Imxhc3QiLCJleHBpcmVzX2luIjoiMTIwOTYwMCIsImFzc29jX3R5cGUiOiJITUFDLVNIQTI1NiIsIm5vZGVfaWQiOiI5MCIsIl9hdXRoX3VzZXJfYmFja2VuZCI6ImFjY291bnQuYXV0aF9iYWNrZW5kcy5Vc2VybmFtZUF1dGhlbnRpY2F0aW9uQmFja2VuZCIsInByb2plY3RfaWQiOiI0MiIsInNhdmVfdGltZSI6MTQ4NDkwNjc3MC4yNjk2MzJ9', '2017-02-05 02:46:34'), ('al24r9vsrt812hmdzyk2ywciy3vul4qs', 'NTYyMDY0MWY0OWQ4ZWI1MDBjYTUwMGEzYTc1NzkzNmJjOWFjYzI5OTp7Il9hdXRoX3VzZXJfaGFzaCI6ImQyOTlmZjM4OWY5OTRhYjQ2MTg2MWMzYzM5ZmFiNGYyNjZlYjgxNjIiLCJfYXV0aF91c2VyX2lkIjoiMTMiLCJfYXV0aF91c2VyX2JhY2tlbmQiOiJhY2NvdW50LmF1dGhfYmFja2VuZHMuVXNlcm5hbWVBdXRoZW50aWNhdGlvbkJhY2tlbmQiLCJub2RlX2lkIjoiMTAiLCJfc2Vzc2lvbl9leHBpcnkiOjAsInByb2plY3RfaWQiOjF9', '2017-01-20 06:15:01'), ('apfi5pivaxsn13gxi88axviuzpwybs63', 'MjkxZmI4MjQwYTc5MDQ4MTAyMzJmNDM5M2Q5MWRlOTZjZjEwZWEyYjp7ImFzc29jX2hhbmRsZSI6IntITUFDLVNIQTI1Nn17NTg3NmZjMDZ9ezBBdHNDdz09fSIsIl9hdXRoX3VzZXJfaGFzaCI6IjY2Y2FkZjdhZjZlMzA1YThiZWExZjJkNjJjMTczMTcxN2Q2NDI2ZWQiLCJtYWNfa2V5IjoicUhnR2Jkckx5RnhBc1M4SlJROTJxRlJSZ0NZM29wVHJRYkhubUNuY0FaTT0iLCJfYXV0aF91c2VyX2lkIjoiNDYiLCJleHBpcmVzX2luIjoiMTIwOTYwMCIsIl9hdXRoX3VzZXJfYmFja2VuZCI6ImFjY291bnQuYXV0aF9iYWNrZW5kcy5Vc2VybmFtZUF1dGhlbnRpY2F0aW9uQmFja2VuZCIsIm5vZGVfaWQiOiI3IiwiYXNzb2NfdHlwZSI6IkhNQUMtU0hBMjU2IiwicHJvamVjdF9pZCI6MSwic2F2ZV90aW1lIjoxNDg0MTkyNzc0LjU5NDAxOX0=', '2017-01-26 03:46:15'), ('atnq6435k8x025qok9wqwh7ozpgh96ut', 'ZmFhOWZkMTBmYWI3YWFhZTAzZTY2OGFjYzY3MzEwMGRjZDYzNmY3Yzp7Il9zZXNzaW9uX2V4cGlyeSI6MCwiX2F1dGhfdXNlcl9oYXNoIjoiZGM3Y2IzZTdmZDhkZDQxZGVmZjFmMmRlMmE2NmUxNTBkMGJmMjFmMyIsIl9hdXRoX3VzZXJfYmFja2VuZCI6ImFjY291bnQuYXV0aF9iYWNrZW5kcy5Vc2VybmFtZUF1dGhlbnRpY2F0aW9uQmFja2VuZCIsIl9hdXRoX3VzZXJfaWQiOiIxIn0=', '2016-12-26 02:04:24'), ('av7uapvavc4avpskrpigeivaenv3na01', 'MzlmMzU1YjhiMmU4MzhmYmU5YjliZTQ4ZjkwMDVmYjFiMDgyYmE1Yzp7ImFzc29jX2hhbmRsZSI6IntITUFDLVNIQTI1Nn17NTg5N2UwNmZ9e29QOVY5UT09fSIsInByb2plY3RfaWQiOjEsIm1hY19rZXkiOiIrRm9EYlM0Ymc1M1YvYjJTOGdmY0lCWVZxSUNvd2RqeFRmUmRmcG56NWpZPSIsIl9hdXRoX3VzZXJfaWQiOiI1NSIsImV4cGlyZXNfaW4iOiIxMjA5NjAwIiwiYXNzb2NfdHlwZSI6IkhNQUMtU0hBMjU2IiwiX2F1dGhfdXNlcl9iYWNrZW5kIjoiYWNjb3VudC5hdXRoX2JhY2tlbmRzLlVzZXJuYW1lQXV0aGVudGljYXRpb25CYWNrZW5kIiwiX2F1dGhfdXNlcl9oYXNoIjoiZGRkMzJiZGM1ODFlZGVlZjFiMWRmNTBhZjRiMjFiMGQ0MTkyMDU0NiIsInNhdmVfdGltZSI6MTQ4NjM0ODM5OS45MTE0Mzh9', '2017-02-20 02:33:30'), ('ay3vgeizjlr0562l0bwu90bmf4p8i307', 'ZTk0NTE5MTg4ZTRhZmVkMGIzYTIyZDY0NGU2NDExZWY3NzZjYmM1Mzp7Il9hdXRoX3VzZXJfaGFzaCI6ImRjN2NiM2U3ZmQ4ZGQ0MWRlZmYxZjJkZTJhNjZlMTUwZDBiZjIxZjMiLCJfYXV0aF91c2VyX2lkIjoiMSIsIl9hdXRoX3VzZXJfYmFja2VuZCI6ImFjY291bnQuYXV0aF9iYWNrZW5kcy5Vc2VybmFtZUF1dGhlbnRpY2F0aW9uQmFja2VuZCIsInN0ZXBfaW5kZXgiOiI1IiwiX3Nlc3Npb25fZXhwaXJ5IjowLCJwcm9qZWN0X2lkIjoxfQ==', '2016-12-29 07:33:11'), ('b2amaborf8hxi9meu0hcleatl7aq0bgc', 'OTg2OGVhOTM5N2ViN2U5MDEwODMzZjdmNjNiZDFkMTU5YzNmZGNkNjp7ImFzc29jX2hhbmRsZSI6IntITUFDLVNIQTI1Nn17NTg3ZWRlNTF9e3RjdGU5dz09fSIsIl9hdXRoX3VzZXJfaGFzaCI6IjY2Y2FkZjdhZjZlMzA1YThiZWExZjJkNjJjMTczMTcxN2Q2NDI2ZWQiLCJtYWNfa2V5IjoiZnA0d1FtaVF3YW42MUMxMEFnQzNDNUcrMmg3ZlBlak02UnhMZVNvS0JTND0iLCJfYXV0aF91c2VyX2lkIjoiNDYiLCJleHBpcmVzX2luIjoiMTIwOTYwMCIsImFzc29jX3R5cGUiOiJITUFDLVNIQTI1NiIsIm5vZGVfaWQiOiIxMDMiLCJfYXV0aF91c2VyX2JhY2tlbmQiOiJhY2NvdW50LmF1dGhfYmFja2VuZHMuVXNlcm5hbWVBdXRoZW50aWNhdGlvbkJhY2tlbmQiLCJwcm9qZWN0X2lkIjoxLCJzYXZlX3RpbWUiOjE0ODQ3MDk0NTcuNDkyNjc3fQ==', '2017-02-01 03:21:56'), ('b5m9vkumt03yojjlifvnggeidfn278hr', 'NjIwYjNiNWY2YTIxYjQ2MDkzMWM5MzY1YTA5YjhhOTkzODlhZDI3ODp7Il9zZXNzaW9uX2V4cGlyeSI6MCwiX2F1dGhfdXNlcl9iYWNrZW5kIjoiYWNjb3VudC5hdXRoX2JhY2tlbmRzLlVzZXJuYW1lQXV0aGVudGljYXRpb25CYWNrZW5kIiwicHJvamVjdF9pZCI6MSwiX2F1dGhfdXNlcl9oYXNoIjoiZGM3Y2IzZTdmZDhkZDQxZGVmZjFmMmRlMmE2NmUxNTBkMGJmMjFmMyIsIl9hdXRoX3VzZXJfaWQiOiIxIn0=', '2017-01-05 12:53:07'), ('be01engt8usuehhyf1b6bc9fnvnhw5lm', 'MzEzMjI2ZGU3MGZlNzc1ZjQ1ODFjMDU5ZjhmYWVkZTUyZWY5ZjVhNTp7ImFzc29jX2hhbmRsZSI6IntITUFDLVNIQTI1Nn17NTg5OTg0ZmJ9ezR5YkdQQT09fSIsIl9hdXRoX3VzZXJfaGFzaCI6IjBhZGNmNTVhOTVmNjY1Y2I5MTU3OTVhNzc4NDg3MTYzNTE3NjQ2OGQiLCJtYWNfa2V5IjoiQitCbmM2N1I5MHJYQ2J3Zjl0L095enZKbzVrd0lmSzc4b1lXWlNZUk1XYz0iLCJfYXV0aF91c2VyX2lkIjoiNDQiLCJjdXJyZW50X3N0ZXBfaW5kZXgiOiJsYXN0IiwiZXhwaXJlc19pbiI6IjEyMDk2MDAiLCJhc3NvY190eXBlIjoiSE1BQy1TSEEyNTYiLCJub2RlX2lkIjoiOTAiLCJfYXV0aF91c2VyX2JhY2tlbmQiOiJhY2NvdW50LmF1dGhfYmFja2VuZHMuVXNlcm5hbWVBdXRoZW50aWNhdGlvbkJhY2tlbmQiLCJwcm9qZWN0X2lkIjoiMSIsInNhdmVfdGltZSI6MTQ4NjQ1NjA1OS4zNTU4OTl9', '2017-02-21 08:45:42'), ('bept9ly8k07wst0t2i3gcefdvdr609vx', 'NjIwYjNiNWY2YTIxYjQ2MDkzMWM5MzY1YTA5YjhhOTkzODlhZDI3ODp7Il9zZXNzaW9uX2V4cGlyeSI6MCwiX2F1dGhfdXNlcl9iYWNrZW5kIjoiYWNjb3VudC5hdXRoX2JhY2tlbmRzLlVzZXJuYW1lQXV0aGVudGljYXRpb25CYWNrZW5kIiwicHJvamVjdF9pZCI6MSwiX2F1dGhfdXNlcl9oYXNoIjoiZGM3Y2IzZTdmZDhkZDQxZGVmZjFmMmRlMmE2NmUxNTBkMGJmMjFmMyIsIl9hdXRoX3VzZXJfaWQiOiIxIn0=', '2017-01-12 02:12:16'), ('bmk3b7dpr58d6jvajdr1zcyxm48aivlp', 'ZWZmZTNlNjZmOTI1MmExMjMyMTUxMTI4NThlNDBhZTZkMjkyMmUwNDp7InByb2plY3RfaWQiOjEsIl9hdXRoX3VzZXJfaWQiOiIxIiwiX2F1dGhfdXNlcl9oYXNoIjoiZGM3Y2IzZTdmZDhkZDQxZGVmZjFmMmRlMmE2NmUxNTBkMGJmMjFmMyIsIl9hdXRoX3VzZXJfYmFja2VuZCI6ImFjY291bnQuYXV0aF9iYWNrZW5kcy5Vc2VybmFtZUF1dGhlbnRpY2F0aW9uQmFja2VuZCIsIl9zZXNzaW9uX2V4cGlyeSI6MH0=', '2016-12-26 01:37:01'), ('c2wgy7s2updtmsa96021dwik3g2srfi8', 'YjYwYTMxOWI5ZDVkODQyNmNhNjE5N2RjZjZjYzk5YzUyYTM3MzRiYjp7InByb2plY3RfaWQiOjEsIl9hdXRoX3VzZXJfaGFzaCI6ImY1MWNjMjhkMTdkZDViYjYxZTA3Yzc2YWMxMTQwYWM1ODMzYzc0YTUiLCJfYXV0aF91c2VyX2JhY2tlbmQiOiJhY2NvdW50LmF1dGhfYmFja2VuZHMuVXNlcm5hbWVBdXRoZW50aWNhdGlvbkJhY2tlbmQiLCJfYXV0aF91c2VyX2lkIjoiNCJ9', '2017-02-04 06:39:40'), ('cfgbmlwyy5crmufgxo51fgtxjtn1g9tb', 'YjNiNThkYmMyZDczZjliNzQ0OTdlN2RmYTBiNTdjNTQyMTU0ZDE4NTp7ImV4cGlyZXNfaW4iOiIxMjA5NjAwIiwiYXNzb2NfaGFuZGxlIjoie0hNQUMtU0hBMjU2fXs1ODc3MGU0Nn17b3BMUjJnPT19Iiwic2F2ZV90aW1lIjoxNDg0MTk3NDQ2LjE0NTgyMywiYXNzb2NfdHlwZSI6IkhNQUMtU0hBMjU2IiwibWFjX2tleSI6IjFUQXpxWGFCWnNXb0s4MnJoZ3lWY21OM1RMcFNFNDhNYjVXYTd4UnRRaHc9In0=', '2017-01-26 05:11:53'), ('cjiuowjt7rx9dvld6gn7zfwfrjulz6vh', 'MTYxOWY1NWMyN2ViZjM2OGIwNGI0YzY5MTc0MGNjYTA2YjNmNWIyZDp7Il9hdXRoX3VzZXJfaGFzaCI6ImRjN2NiM2U3ZmQ4ZGQ0MWRlZmYxZjJkZTJhNjZlMTUwZDBiZjIxZjMiLCJfYXV0aF91c2VyX2lkIjoiMSIsIl9hdXRoX3VzZXJfYmFja2VuZCI6ImFjY291bnQuYXV0aF9iYWNrZW5kcy5Vc2VybmFtZUF1dGhlbnRpY2F0aW9uQmFja2VuZCIsIm5vZGVfaWQiOiI2IiwiX3Nlc3Npb25fZXhwaXJ5IjowLCJwcm9qZWN0X2lkIjoxfQ==', '2017-01-20 07:29:16'), ('clkrlsf6godz0dv55sqpaskoaks5hm9d', 'NGFkYjU5ODE2Y2ExYzM3ODM5MTgxY2RmNTMwMmFlZjMyMDU3NTc0Mzp7ImFzc29jX2hhbmRsZSI6IntITUFDLVNIQTI1Nn17NTg4NDRmODF9e0lHN05WUT09fSIsIl9hdXRoX3VzZXJfaGFzaCI6IjcyY2VjYWQ1NWI5MDU3Yjg3NGYwODg5YmVjZjFhZGM4YzIwZjE1ZWUiLCJtYWNfa2V5IjoiSU1XMVdRSUZ5Tk1kRmNlQVJGektDeU44RDdlZUpNb242bEd4WEFwZU5tOD0iLCJfYXV0aF91c2VyX2lkIjoiMyIsImV4cGlyZXNfaW4iOiIxMjA5NjAwIiwiYXNzb2NfdHlwZSI6IkhNQUMtU0hBMjU2IiwiX2F1dGhfdXNlcl9iYWNrZW5kIjoiYWNjb3VudC5hdXRoX2JhY2tlbmRzLlVzZXJuYW1lQXV0aGVudGljYXRpb25CYWNrZW5kIiwicHJvamVjdF9pZCI6IjQyIiwic2F2ZV90aW1lIjoxNDg1MDY2MTEzLjU3Nzk5MX0=', '2017-02-05 06:22:07'), ('cnvbie29h2vwpzqfpawqu5zjjsblq0ys', 'YjZjZDYyMTcwM2ZlNTJiMmM2MjgwMjQ4MTFlNzU2YmZiMDkwNTdmNDp7fQ==', '2017-01-20 12:38:48'), ('cokro9xha820g4fmy33ijzsp5o9rmauv', 'NjIwYjNiNWY2YTIxYjQ2MDkzMWM5MzY1YTA5YjhhOTkzODlhZDI3ODp7Il9zZXNzaW9uX2V4cGlyeSI6MCwiX2F1dGhfdXNlcl9iYWNrZW5kIjoiYWNjb3VudC5hdXRoX2JhY2tlbmRzLlVzZXJuYW1lQXV0aGVudGljYXRpb25CYWNrZW5kIiwicHJvamVjdF9pZCI6MSwiX2F1dGhfdXNlcl9oYXNoIjoiZGM3Y2IzZTdmZDhkZDQxZGVmZjFmMmRlMmE2NmUxNTBkMGJmMjFmMyIsIl9hdXRoX3VzZXJfaWQiOiIxIn0=', '2016-12-24 11:36:08'), ('cwf0a93ju5v1mrvvgqigmy75ewuvkpus', 'OGMyNTM1MTgwNWNkMWJmNWI0ODJmNWQ4NjVkNmZjMzljMDA3ODg1ODp7InByb2plY3RfaWQiOjF9', '2017-01-23 07:06:30'), ('d077evlpcrntmx7hs33d6x70y1ocvmz9', 'ZDYxNWNjZjgyYTk5MTMwNjVjNGMyMDA2ZDEwZTczYTU0ZTZlZmE4Nzp7ImFzc29jX2hhbmRsZSI6IntITUFDLVNIQTI1Nn17NTg4MTdlZDl9e0hJeXp2dz09fSIsInByb2plY3RfaWQiOjEsIm1hY19rZXkiOiJvcGhEL3lXSDh5bXRuQyt6SXZuUk5nZHNyTTY0NGJQTEYzUDZVeDFWd2tFPSIsIl9hdXRoX3VzZXJfaWQiOiI1IiwiZXhwaXJlc19pbiI6IjEyMDk2MDAiLCJhc3NvY190eXBlIjoiSE1BQy1TSEEyNTYiLCJfYXV0aF91c2VyX2JhY2tlbmQiOiJhY2NvdW50LmF1dGhfYmFja2VuZHMuVXNlcm5hbWVBdXRoZW50aWNhdGlvbkJhY2tlbmQiLCJfYXV0aF91c2VyX2hhc2giOiJmYzZmNTRiNjAzYTZkNGMxNTNlN2FiOTBkYWRjYjczZjYxZTk4ZmIyIiwic2F2ZV90aW1lIjoxNDg0ODgxNjI2LjAwNzU2NX0=', '2017-02-03 03:07:08'), ('da77ydgn11zt2hg17y4n3vlgz86a0hfx', 'ZWZmZTNlNjZmOTI1MmExMjMyMTUxMTI4NThlNDBhZTZkMjkyMmUwNDp7InByb2plY3RfaWQiOjEsIl9hdXRoX3VzZXJfaWQiOiIxIiwiX2F1dGhfdXNlcl9oYXNoIjoiZGM3Y2IzZTdmZDhkZDQxZGVmZjFmMmRlMmE2NmUxNTBkMGJmMjFmMyIsIl9hdXRoX3VzZXJfYmFja2VuZCI6ImFjY291bnQuYXV0aF9iYWNrZW5kcy5Vc2VybmFtZUF1dGhlbnRpY2F0aW9uQmFja2VuZCIsIl9zZXNzaW9uX2V4cGlyeSI6MH0=', '2017-01-20 03:02:22'), ('dgn35sy7dc0esz08qusw0lo1zgcwqkbf', 'N2M0M2I5YTRmMjNkNDdiMGMxOGZlNjdjMmMxMTE4NzNiY2YxMThlMjp7ImFzc29jX2hhbmRsZSI6IntITUFDLVNIQTI1Nn17NTg4NDY4NDF9e3lWSjNkQT09fSIsInByb2plY3RfaWQiOiIxIiwibWFjX2tleSI6IjFNSkRYYlZlTnJMNDlzUm9QclJXSGpwc3BXOGRxRms3OW1rZTd6UHhhdEU9IiwiX2F1dGhfdXNlcl9pZCI6IjQiLCJjdXJyZW50X3N0ZXBfaW5kZXgiOiJsYXN0IiwiZXhwaXJlc19pbiI6IjEyMDk2MDAiLCJhc3NvY190eXBlIjoiSE1BQy1TSEEyNTYiLCJub2RlX2lkIjoiNyIsIl9hdXRoX3VzZXJfYmFja2VuZCI6ImFjY291bnQuYXV0aF9iYWNrZW5kcy5Vc2VybmFtZUF1dGhlbnRpY2F0aW9uQmFja2VuZCIsIl9hdXRoX3VzZXJfaGFzaCI6ImY1MWNjMjhkMTdkZDViYjYxZTA3Yzc2YWMxMTQwYWM1ODMzYzc0YTUiLCJzYXZlX3RpbWUiOjE0ODUwNzI0NDkuODQ5NDQyfQ==', '2017-02-05 12:32:59'), ('dj3zo114z1xu9r8cw0xn3fa5m39mythj', 'MGUyMDM4MDBjYTBmYzNhMDQ0YWM0ZmY2ODY2MGQwZTQxZmYzMDFiODp7InNhdmVfdGltZSI6MTQ4NDU0NTQxMC4yMTk4NzksImFzc29jX2hhbmRsZSI6IntITUFDLVNIQTI1Nn17NTg3YzVkODJ9ezdZKys2UT09fSIsImV4cGlyZXNfaW4iOiIxMjA5NjAwIiwibWFjX2tleSI6IjJwdGpVb0o2eXZ3L25Ma2F0RitRNkhUalVmeCtWNlBPbkQvRm13b0U3RDg9IiwiYXNzb2NfdHlwZSI6IkhNQUMtU0hBMjU2In0=', '2017-01-30 05:43:30'), ('djsrju5jwolzj7bxngrrbz7u9aw9u47z', 'NjIwYjNiNWY2YTIxYjQ2MDkzMWM5MzY1YTA5YjhhOTkzODlhZDI3ODp7Il9zZXNzaW9uX2V4cGlyeSI6MCwiX2F1dGhfdXNlcl9iYWNrZW5kIjoiYWNjb3VudC5hdXRoX2JhY2tlbmRzLlVzZXJuYW1lQXV0aGVudGljYXRpb25CYWNrZW5kIiwicHJvamVjdF9pZCI6MSwiX2F1dGhfdXNlcl9oYXNoIjoiZGM3Y2IzZTdmZDhkZDQxZGVmZjFmMmRlMmE2NmUxNTBkMGJmMjFmMyIsIl9hdXRoX3VzZXJfaWQiOiIxIn0=', '2017-01-04 11:44:30'), ('dkuzuda53504xd97617rlqvb9d63p113', 'MWVjNmZhYjcyMGFkMzVjMzk0MmQxODczMDUwNjk0OTU3ODQ2YWE1Zjp7Il9hdXRoX3VzZXJfaGFzaCI6ImRjN2NiM2U3ZmQ4ZGQ0MWRlZmYxZjJkZTJhNjZlMTUwZDBiZjIxZjMiLCJfYXV0aF91c2VyX2lkIjoiMSIsIl9hdXRoX3VzZXJfYmFja2VuZCI6ImFjY291bnQuYXV0aF9iYWNrZW5kcy5Vc2VybmFtZUF1dGhlbnRpY2F0aW9uQmFja2VuZCIsIm5vZGVfaWQiOiIxIiwiX3Nlc3Npb25fZXhwaXJ5IjowLCJwcm9qZWN0X2lkIjoxfQ==', '2017-01-19 11:05:55'), ('dnuhguv3kwp7tk5i1se4snttlw68wtla', 'ZWRkYzljMjhiODQwY2E1M2Q4MmY2NmM4Yzg2OWM1NjEzMWM4YmIzYTp7ImFzc29jX2hhbmRsZSI6IntITUFDLVNIQTI1Nn17NTg4MWIxOTF9e2RvY25BUT09fSIsInByb2plY3RfaWQiOjEsIm1hY19rZXkiOiI1d1pJSkhUM3BIMEE0ZzYyVUNTa3hNTmY5N1ZmdlVVNVYvdXFDMlkyUEw0PSIsIl9hdXRoX3VzZXJfaWQiOiI1IiwiZXhwaXJlc19pbiI6IjEyMDk2MDAiLCJhc3NvY190eXBlIjoiSE1BQy1TSEEyNTYiLCJub2RlX2lkIjoiMyIsIl9hdXRoX3VzZXJfYmFja2VuZCI6ImFjY291bnQuYXV0aF9iYWNrZW5kcy5Vc2VybmFtZUF1dGhlbnRpY2F0aW9uQmFja2VuZCIsIl9hdXRoX3VzZXJfaGFzaCI6ImZjNmY1NGI2MDNhNmQ0YzE1M2U3YWI5MGRhZGNiNzNmNjFlOThmYjIiLCJzYXZlX3RpbWUiOjE0ODQ4OTQ2MDkuMjAzMzUzfQ==', '2017-02-05 07:14:49'), ('dpkzwygjd191oxeue1euvj7jedjz7djr', 'NjIwYjNiNWY2YTIxYjQ2MDkzMWM5MzY1YTA5YjhhOTkzODlhZDI3ODp7Il9zZXNzaW9uX2V4cGlyeSI6MCwiX2F1dGhfdXNlcl9iYWNrZW5kIjoiYWNjb3VudC5hdXRoX2JhY2tlbmRzLlVzZXJuYW1lQXV0aGVudGljYXRpb25CYWNrZW5kIiwicHJvamVjdF9pZCI6MSwiX2F1dGhfdXNlcl9oYXNoIjoiZGM3Y2IzZTdmZDhkZDQxZGVmZjFmMmRlMmE2NmUxNTBkMGJmMjFmMyIsIl9hdXRoX3VzZXJfaWQiOiIxIn0=', '2017-01-10 12:16:29'), ('eecpsomndkhm57q2ncm321dp0pggqi3o', 'ZWZmZTNlNjZmOTI1MmExMjMyMTUxMTI4NThlNDBhZTZkMjkyMmUwNDp7InByb2plY3RfaWQiOjEsIl9hdXRoX3VzZXJfaWQiOiIxIiwiX2F1dGhfdXNlcl9oYXNoIjoiZGM3Y2IzZTdmZDhkZDQxZGVmZjFmMmRlMmE2NmUxNTBkMGJmMjFmMyIsIl9hdXRoX3VzZXJfYmFja2VuZCI6ImFjY291bnQuYXV0aF9iYWNrZW5kcy5Vc2VybmFtZUF1dGhlbnRpY2F0aW9uQmFja2VuZCIsIl9zZXNzaW9uX2V4cGlyeSI6MH0=', '2017-01-10 02:07:01'), ('eojaqr3jm8yahjejtgs6oth7u08w4qfy', 'YjZjZDYyMTcwM2ZlNTJiMmM2MjgwMjQ4MTFlNzU2YmZiMDkwNTdmNDp7fQ==', '2016-12-20 03:25:56'), ('f40mflayg5sizki3visgfpdhu1mvdi6r', 'M2U5ZTM3M2I5OWM5NjRmYzc1MjhhNzhhOTYxZmJlOGQyNGJmNDIzNDp7InNhdmVfdGltZSI6MTQ4NTE1MDE1NS4xODc2NTQsImFzc29jX2hhbmRsZSI6IntITUFDLVNIQTI1Nn17NTg4NTk3Y2J9e3Q3QVRMUT09fSIsImV4cGlyZXNfaW4iOiIxMjA5NjAwIiwibWFjX2tleSI6IjdZMmZYSkhEc242N1dGOG1ka1BiR09Qb1lkOW9GQUZnL09UVEVHNGFwRFE9IiwiYXNzb2NfdHlwZSI6IkhNQUMtU0hBMjU2In0=', '2017-02-06 05:42:35'), ('fg8y0u0cazf7xcc76lgutp5uitw8zc23', 'YTg1ODNhMDg4NjI5ZTY3NGU5YmY1MDA5YmI4YWQxMGQ5ZTM2NDcxZDp7Il9hdXRoX3VzZXJfaGFzaCI6ImRjN2NiM2U3ZmQ4ZGQ0MWRlZmYxZjJkZTJhNjZlMTUwZDBiZjIxZjMiLCJfYXV0aF91c2VyX2lkIjoiMSIsIl9hdXRoX3VzZXJfYmFja2VuZCI6ImFjY291bnQuYXV0aF9iYWNrZW5kcy5Vc2VybmFtZUF1dGhlbnRpY2F0aW9uQmFja2VuZCIsInN0ZXBfaW5kZXgiOiIxIiwiX3Nlc3Npb25fZXhwaXJ5IjowLCJwcm9qZWN0X2lkIjoxfQ==', '2017-01-13 06:09:47'), ('fjzfaczi02hfui0o8rlb4w4fhl03196q', 'ZWQ3ZmIzZjY4ZTg2MWZlMDNiZmZkOTAwOWEwOTU2MzAwNGJmYzhhMjp7ImFzc29jX2hhbmRsZSI6IntITUFDLVNIQTI1Nn17NTg5OTcyZWR9e05qaUxTZz09fSIsInByb2plY3RfaWQiOiI0MiIsIl9hdXRoX3VzZXJfaWQiOiIzIiwibWFjX2tleSI6ImowNkkzUUo2NStpWlVVRW1qemFWSzlxUDd1YS9xaUcwOWtiWlV2ME5NeFE9IiwiZXhwaXJlc19pbiI6IjEyMDk2MDAiLCJhc3NvY190eXBlIjoiSE1BQy1TSEEyNTYiLCJub2RlX2lkIjoiMTIzIiwiX2F1dGhfdXNlcl9iYWNrZW5kIjoiYWNjb3VudC5hdXRoX2JhY2tlbmRzLlVzZXJuYW1lQXV0aGVudGljYXRpb25CYWNrZW5kIiwiX3Nlc3Npb25fZXhwaXJ5IjowLCJfYXV0aF91c2VyX2hhc2giOiI3MmNlY2FkNTViOTA1N2I4NzRmMDg4OWJlY2YxYWRjOGMyMGYxNWVlIiwic2F2ZV90aW1lIjoxNDg2NDUxNDM3Ljg0NDc0NH0=', '2017-02-21 10:52:30'), ('fq0hh9kscfsbjz8kwq0q0h5a6c3h0gw3', 'MDdlYjkwNzRhZmVjNGE0NDAzMjhlOWM3N2NmMjA2Y2E5OTI3ODBlYTp7Il9hdXRoX3VzZXJfaGFzaCI6ImRjN2NiM2U3ZmQ4ZGQ0MWRlZmYxZjJkZTJhNjZlMTUwZDBiZjIxZjMiLCJfYXV0aF91c2VyX2lkIjoiMSIsIl9hdXRoX3VzZXJfYmFja2VuZCI6ImFjY291bnQuYXV0aF9iYWNrZW5kcy5Vc2VybmFtZUF1dGhlbnRpY2F0aW9uQmFja2VuZCIsInN0ZXBfaW5kZXgiOiIyIiwiX3Nlc3Npb25fZXhwaXJ5IjowLCJwcm9qZWN0X2lkIjoxfQ==', '2017-01-13 06:45:49'), ('g21026a50hjdvc24bqivyh4ybyb7xock', 'Mzc1YmNlMGYwYWE3MTdlYzQ1ZjY3YmI0ZDkzMzI4OTkwYWM1ZmE1ODp7Il9hdXRoX3VzZXJfaWQiOiIxIiwicHJvamVjdF9pZCI6MSwiX2F1dGhfdXNlcl9oYXNoIjoiZGM3Y2IzZTdmZDhkZDQxZGVmZjFmMmRlMmE2NmUxNTBkMGJmMjFmMyIsIl9hdXRoX3VzZXJfYmFja2VuZCI6ImFjY291bnQuYXV0aF9iYWNrZW5kcy5Vc2VybmFtZUF1dGhlbnRpY2F0aW9uQmFja2VuZCIsIl9zZXNzaW9uX2V4cGlyeSI6MH0=', '2017-01-12 01:49:56'), ('g2laka38ua6vbvdysy8q50oqa3yw34z0', 'Zjc1MDM0ZDJmYTVmYTZmYTQwMTQxMWEyZTVkYjEwOTI0MjY1MDc5Yzp7InNhdmVfdGltZSI6MTQ4NDc0NDA4MC43MDA0MjYsImFzc29jX2hhbmRsZSI6IntITUFDLVNIQTI1Nn17NTg3ZjY1OTB9e1U2VS9iUT09fSIsImV4cGlyZXNfaW4iOiIxMjA5NjAwIiwibWFjX2tleSI6IjdCbkV5UnhuWURGdmUxQ2kzNFdwM1o5SzlsdVhPMFhpY1h4elhjRU1Ka3c9IiwiYXNzb2NfdHlwZSI6IkhNQUMtU0hBMjU2In0=', '2017-02-01 12:54:41'), ('g7fkp7pt4nis4d39xlr831z7pehuot7o', 'MTllNzFlMjQyMDQ2Njc4MjQzMTAwZWI3NDRhNzM0NGEyZGEwMTQzYjp7ImFzc29jX2hhbmRsZSI6IntITUFDLVNIQTI1Nn17NTg4MDgyN2J9e1F6SGVLdz09fSIsIl9hdXRoX3VzZXJfaGFzaCI6ImZjNmY1NGI2MDNhNmQ0YzE1M2U3YWI5MGRhZGNiNzNmNjFlOThmYjIiLCJtYWNfa2V5Ijoic3E4YlAxbGwyZUhmTTg5TE1Iblg3YUV4OWJmVnkwZ2tFYWVnbm9CSjVGUT0iLCJfYXV0aF91c2VyX2lkIjoiNSIsImV4cGlyZXNfaW4iOiIxMjA5NjAwIiwiYXNzb2NfdHlwZSI6IkhNQUMtU0hBMjU2Iiwibm9kZV9pZCI6IjciLCJfYXV0aF91c2VyX2JhY2tlbmQiOiJhY2NvdW50LmF1dGhfYmFja2VuZHMuVXNlcm5hbWVBdXRoZW50aWNhdGlvbkJhY2tlbmQiLCJwcm9qZWN0X2lkIjoxLCJzYXZlX3RpbWUiOjE0ODQ4MTcwMTkuODY4ODU1fQ==', '2017-02-02 09:10:29'), ('h11lxucj84o7lqc7vn55ono3ks2y07j3', 'OGMyNTM1MTgwNWNkMWJmNWI0ODJmNWQ4NjVkNmZjMzljMDA3ODg1ODp7InByb2plY3RfaWQiOjF9', '2017-01-20 08:59:23'), ('h3fxri0s2ipqglmya04omm5ktka51q0g', 'YjQ5Yjc1ZDNkNzE5ZDcwYTQyZjBjZDMzNzlhOWJlYmE1ZjFjMTA0NTp7ImFzc29jX2hhbmRsZSI6IntITUFDLVNIQTI1Nn17NTg5OTI3ODl9e0swZTA1Zz09fSIsInByb2plY3RfaWQiOiI0MyIsIm1hY19rZXkiOiJNTlNJSk5ia0NEYWNCb2U1b3VOeDl2QWsvSXcxWkpwSm9QUHJYU1RZTVJjPSIsIl9hdXRoX3VzZXJfaWQiOiI1IiwiZXhwaXJlc19pbiI6IjEyMDk2MDAiLCJhc3NvY190eXBlIjoiSE1BQy1TSEEyNTYiLCJub2RlX2lkIjoiOTEiLCJfYXV0aF91c2VyX2JhY2tlbmQiOiJhY2NvdW50LmF1dGhfYmFja2VuZHMuVXNlcm5hbWVBdXRoZW50aWNhdGlvbkJhY2tlbmQiLCJfYXV0aF91c2VyX2hhc2giOiJmYzZmNTRiNjAzYTZkNGMxNTNlN2FiOTBkYWRjYjczZjYxZTk4ZmIyIiwic2F2ZV90aW1lIjoxNDg2NDMyMTM4LjAwNjcxMn0=', '2017-02-24 03:31:01'), ('h52anu6fb3irpzd6zx1qicg9ev1jpr5a', 'Mzc1YmNlMGYwYWE3MTdlYzQ1ZjY3YmI0ZDkzMzI4OTkwYWM1ZmE1ODp7Il9hdXRoX3VzZXJfaWQiOiIxIiwicHJvamVjdF9pZCI6MSwiX2F1dGhfdXNlcl9oYXNoIjoiZGM3Y2IzZTdmZDhkZDQxZGVmZjFmMmRlMmE2NmUxNTBkMGJmMjFmMyIsIl9hdXRoX3VzZXJfYmFja2VuZCI6ImFjY291bnQuYXV0aF9iYWNrZW5kcy5Vc2VybmFtZUF1dGhlbnRpY2F0aW9uQmFja2VuZCIsIl9zZXNzaW9uX2V4cGlyeSI6MH0=', '2016-12-29 09:32:22'), ('h79hx6z3xogdv5rznaianhy66ho9mlms', 'NjIwYjNiNWY2YTIxYjQ2MDkzMWM5MzY1YTA5YjhhOTkzODlhZDI3ODp7Il9zZXNzaW9uX2V4cGlyeSI6MCwiX2F1dGhfdXNlcl9iYWNrZW5kIjoiYWNjb3VudC5hdXRoX2JhY2tlbmRzLlVzZXJuYW1lQXV0aGVudGljYXRpb25CYWNrZW5kIiwicHJvamVjdF9pZCI6MSwiX2F1dGhfdXNlcl9oYXNoIjoiZGM3Y2IzZTdmZDhkZDQxZGVmZjFmMmRlMmE2NmUxNTBkMGJmMjFmMyIsIl9hdXRoX3VzZXJfaWQiOiIxIn0=', '2017-01-06 09:42:49'), ('hdym0c2xovl4qhjqver35vd5eh7mqyu7', 'NjIwYjNiNWY2YTIxYjQ2MDkzMWM5MzY1YTA5YjhhOTkzODlhZDI3ODp7Il9zZXNzaW9uX2V4cGlyeSI6MCwiX2F1dGhfdXNlcl9iYWNrZW5kIjoiYWNjb3VudC5hdXRoX2JhY2tlbmRzLlVzZXJuYW1lQXV0aGVudGljYXRpb25CYWNrZW5kIiwicHJvamVjdF9pZCI6MSwiX2F1dGhfdXNlcl9oYXNoIjoiZGM3Y2IzZTdmZDhkZDQxZGVmZjFmMmRlMmE2NmUxNTBkMGJmMjFmMyIsIl9hdXRoX3VzZXJfaWQiOiIxIn0=', '2017-01-05 03:20:22'), ('hrm44oqf4qnyy598d8ud9l847dfs7eel', 'MGUxOWFmYTg5NjFhMDFiMTQ2MDJiMWUwNGI4NDUyZGQ2NTgyNTZkMTp7ImFzc29jX2hhbmRsZSI6IntITUFDLVNIQTI1Nn17NTg4MTdjZGZ9e2k2NFhSUT09fSIsIl9hdXRoX3VzZXJfaGFzaCI6ImZhODg3YmUzYmQzNDQ2Y2NiYTNjYWFkYzUxNzE5MDZjZGRlMTMwYjMiLCJtYWNfa2V5IjoiSGwvZlB6MjJlWDUybkFjUmJwSU5vSnhLdERyT2FEMkhEWWlmWWFNV0RSUT0iLCJfYXV0aF91c2VyX2lkIjoiMTEiLCJleHBpcmVzX2luIjoiMTIwOTYwMCIsIl9hdXRoX3VzZXJfYmFja2VuZCI6ImFjY291bnQuYXV0aF9iYWNrZW5kcy5Vc2VybmFtZUF1dGhlbnRpY2F0aW9uQmFja2VuZCIsIm5vZGVfaWQiOiI3IiwiYXNzb2NfdHlwZSI6IkhNQUMtU0hBMjU2IiwiX3Nlc3Npb25fZXhwaXJ5IjowLCJwcm9qZWN0X2lkIjoxLCJzYXZlX3RpbWUiOjE0ODQ4ODExMTkuODA0MjI2fQ==', '2017-02-03 02:58:40'), ('hsiax20hickbfdjsv23b3sslgmubg6w0', 'MDdlYjkwNzRhZmVjNGE0NDAzMjhlOWM3N2NmMjA2Y2E5OTI3ODBlYTp7Il9hdXRoX3VzZXJfaGFzaCI6ImRjN2NiM2U3ZmQ4ZGQ0MWRlZmYxZjJkZTJhNjZlMTUwZDBiZjIxZjMiLCJfYXV0aF91c2VyX2lkIjoiMSIsIl9hdXRoX3VzZXJfYmFja2VuZCI6ImFjY291bnQuYXV0aF9iYWNrZW5kcy5Vc2VybmFtZUF1dGhlbnRpY2F0aW9uQmFja2VuZCIsInN0ZXBfaW5kZXgiOiIyIiwiX3Nlc3Npb25fZXhwaXJ5IjowLCJwcm9qZWN0X2lkIjoxfQ==', '2017-01-06 03:29:58'), ('htsnksadfi85oarrtzyfclgzt2donzxn', 'ZTAxMGRhYThjYTE0ZDQxZDYyY2YyZjkxZTY0MzU4OGQxNzRkNWIxZjp7InNhdmVfdGltZSI6MTQ4NDIwMTY4NC4xODM3MDcsImFzc29jX2hhbmRsZSI6IntITUFDLVNIQTI1Nn17NTg3NzFlZDR9e3l4dzVsUT09fSIsImV4cGlyZXNfaW4iOiIxMjA5NjAwIiwibWFjX2tleSI6InMxWVZFb1RzaEt3ZXNxb1dsSlA0SVo3SVc5UG5hZm44OEtIdHN6MS9MRm89IiwiYXNzb2NfdHlwZSI6IkhNQUMtU0hBMjU2In0=', '2017-01-26 06:14:44'), ('i4swf466gj4x3wfqjfuw0otql90viojh', 'MzI2OWZlOGIxY2UyNDY5MmIxZGMwNTY5NjNkZTk0YjQwMDZkMjE2Nzp7Il9hdXRoX3VzZXJfaWQiOiIxIiwicHJvamVjdF9pZCI6MzAsIl9hdXRoX3VzZXJfaGFzaCI6ImRjN2NiM2U3ZmQ4ZGQ0MWRlZmYxZjJkZTJhNjZlMTUwZDBiZjIxZjMiLCJfYXV0aF91c2VyX2JhY2tlbmQiOiJhY2NvdW50LmF1dGhfYmFja2VuZHMuVXNlcm5hbWVBdXRoZW50aWNhdGlvbkJhY2tlbmQiLCJfc2Vzc2lvbl9leHBpcnkiOjB9', '2016-12-27 12:42:07'), ('ihe87qrnnoq5rlt1x0sw47wzid67i5e0', 'Mzc1YmNlMGYwYWE3MTdlYzQ1ZjY3YmI0ZDkzMzI4OTkwYWM1ZmE1ODp7Il9hdXRoX3VzZXJfaWQiOiIxIiwicHJvamVjdF9pZCI6MSwiX2F1dGhfdXNlcl9oYXNoIjoiZGM3Y2IzZTdmZDhkZDQxZGVmZjFmMmRlMmE2NmUxNTBkMGJmMjFmMyIsIl9hdXRoX3VzZXJfYmFja2VuZCI6ImFjY291bnQuYXV0aF9iYWNrZW5kcy5Vc2VybmFtZUF1dGhlbnRpY2F0aW9uQmFja2VuZCIsIl9zZXNzaW9uX2V4cGlyeSI6MH0=', '2017-01-17 07:36:04'), ('ihs9fu8ww4bphj4n0cj3apkavhzuf320', 'OGM4N2Q2NTE2MDJmNmRhZTZhMDQ1MzcwNWIwMGQxNWVjYjMwZmNhYjp7Il9hdXRoX3VzZXJfaGFzaCI6ImRjN2NiM2U3ZmQ4ZGQ0MWRlZmYxZjJkZTJhNjZlMTUwZDBiZjIxZjMiLCJfYXV0aF91c2VyX2lkIjoiMSIsImN1cnJlbnRfc3RlcF9pbmRleCI6IjIiLCJfYXV0aF91c2VyX2JhY2tlbmQiOiJhY2NvdW50LmF1dGhfYmFja2VuZHMuVXNlcm5hbWVBdXRoZW50aWNhdGlvbkJhY2tlbmQiLCJub2RlX2lkIjoiNSIsInByb2plY3RfaWQiOjF9', '2017-01-20 01:48:51'), ('j43ajokka8w3c6vifg5j29w6wvimtkee', 'YjZjZDYyMTcwM2ZlNTJiMmM2MjgwMjQ4MTFlNzU2YmZiMDkwNTdmNDp7fQ==', '2017-01-22 04:36:36'), ('jfhotkf56afz0rhgh7klan0f69bm58q2', 'OTQ2ZWE4NWQ5NjI0YzUzNTA4NjZjYTc2ZmY5ZTFkYTMxZDE4MjdkZjp7InNhdmVfdGltZSI6MTQ4NDIwMTYzNi41MzM5MDUsImFzc29jX2hhbmRsZSI6IntITUFDLVNIQTI1Nn17NTg3NzFlYTR9e1c1SlRyQT09fSIsImV4cGlyZXNfaW4iOiIxMjA5NjAwIiwibWFjX2tleSI6IlRHWFc0bzlUSkxERzh0eTkxd2JjWlZkTnJ1VFd4OTU1dXB6ektwUzF5d289IiwiYXNzb2NfdHlwZSI6IkhNQUMtU0hBMjU2In0=', '2017-01-26 06:13:57'), ('jmj9evrd8pamgry36edd6x6otcg15zr3', 'Mzc1YmNlMGYwYWE3MTdlYzQ1ZjY3YmI0ZDkzMzI4OTkwYWM1ZmE1ODp7Il9hdXRoX3VzZXJfaWQiOiIxIiwicHJvamVjdF9pZCI6MSwiX2F1dGhfdXNlcl9oYXNoIjoiZGM3Y2IzZTdmZDhkZDQxZGVmZjFmMmRlMmE2NmUxNTBkMGJmMjFmMyIsIl9hdXRoX3VzZXJfYmFja2VuZCI6ImFjY291bnQuYXV0aF9iYWNrZW5kcy5Vc2VybmFtZUF1dGhlbnRpY2F0aW9uQmFja2VuZCIsIl9zZXNzaW9uX2V4cGlyeSI6MH0=', '2017-01-03 07:17:34'), ('k10qz6gmwoiyi3r5wp3ek6qycunpvsgu', 'ZjI2M2YyMTFhZDY0MzMwMDdhY2JlZDcxZTBhMjQ1NDY4MWM5NDEyNDp7InNhdmVfdGltZSI6MTQ4NTA2NjA0MC41OTM4NzIsImFzc29jX2hhbmRsZSI6IntITUFDLVNIQTI1Nn17NTg4NDRmMzh9e2E1RlFZZz09fSIsImV4cGlyZXNfaW4iOiIxMjA5NjAwIiwibWFjX2tleSI6IkxsNEN6RjNHZUZYWU0rMjA3WmtmdWRUU09BVlFsL2N4Q0dPUk9xVFdmd0U9IiwiYXNzb2NfdHlwZSI6IkhNQUMtU0hBMjU2In0=', '2017-02-05 06:20:41'), ('k2ajubrk3ey1bu1kcgxogttp0tpwpx2t', 'MjJiZDE0ODViZGZjZGZhZjVhNTQ5YmIwZDQ4ZDcyMDdiOWNmODZkMTp7ImFzc29jX2hhbmRsZSI6IntITUFDLVNIQTI1Nn17NTg4NDlmMWV9e3FMWFJzZz09fSIsInByb2plY3RfaWQiOiI0MyIsIm1hY19rZXkiOiIwRTRueldhMUNnejFYaElDdzlja0kzZWw2YkNiRE44TkpBTGsxaWpSQ2RBPSIsIl9hdXRoX3VzZXJfaWQiOiIzIiwiZXhwaXJlc19pbiI6IjEyMDk2MDAiLCJhc3NvY190eXBlIjoiSE1BQy1TSEEyNTYiLCJub2RlX2lkIjoiMTQ5IiwiX2F1dGhfdXNlcl9iYWNrZW5kIjoiYWNjb3VudC5hdXRoX2JhY2tlbmRzLlVzZXJuYW1lQXV0aGVudGljYXRpb25CYWNrZW5kIiwiX2F1dGhfdXNlcl9oYXNoIjoiNzJjZWNhZDU1YjkwNTdiODc0ZjA4ODliZWNmMWFkYzhjMjBmMTVlZSIsInNhdmVfdGltZSI6MTQ4NTA4NjQ5NC4wMTYwNjZ9', '2017-02-19 06:31:09'), ('kjf1juxfbr4fvghbwegqd7k1azib9id1', 'ZGI2ZmJkZTgzZjBkMzgzYWMwZTk5YjVlNGE2ZGVkMjYwZGQ3NTI0NTp7ImFzc29jX2hhbmRsZSI6IntITUFDLVNIQTI1Nn17NTg3ODc0NmJ9e2tLaVZKZz09fSIsIl9hdXRoX3VzZXJfaGFzaCI6ImZjNmY1NGI2MDNhNmQ0YzE1M2U3YWI5MGRhZGNiNzNmNjFlOThmYjIiLCJtYWNfa2V5IjoiRFozSGczcUhZYlZBT21vZXk5ZklRWGRDY0ZRZjhod3l4N3Ixa1AvdzlZbz0iLCJfYXV0aF91c2VyX2lkIjoiNSIsImV4cGlyZXNfaW4iOiIxMjA5NjAwIiwiYXNzb2NfdHlwZSI6IkhNQUMtU0hBMjU2Iiwibm9kZV9pZCI6IjciLCJfYXV0aF91c2VyX2JhY2tlbmQiOiJhY2NvdW50LmF1dGhfYmFja2VuZHMuVXNlcm5hbWVBdXRoZW50aWNhdGlvbkJhY2tlbmQiLCJwcm9qZWN0X2lkIjoxLCJzYXZlX3RpbWUiOjE0ODQyODkxMzEuMTEwNzgyfQ==', '2017-02-03 02:21:45'), ('lbrfvos8i0cy35muc7sq167e54wkaedb', 'ZjgwN2EwNjk2MGQ5Nzc5NWU1OTQ0ZTkzY2VmYmNkZTcyYjM0ZDEzMDp7InNhdmVfdGltZSI6MTQ4NDgxMDU1Ni43MTA2MDksImFzc29jX2hhbmRsZSI6IntITUFDLVNIQTI1Nn17NTg4MDY5M2N9e3Y5Q1RzZz09fSIsImV4cGlyZXNfaW4iOiIxMjA5NjAwIiwibWFjX2tleSI6IlhPMXhYaStaYkV1WnVtaVVORFpuSWNvTnd5YWNXV3dad3cwSCtQalhKMG89IiwiYXNzb2NfdHlwZSI6IkhNQUMtU0hBMjU2In0=', '2017-02-02 07:22:37'), ('lgqb2wiu05hzjb6jq6z15cs3k6kys1ne', 'NjIwYjNiNWY2YTIxYjQ2MDkzMWM5MzY1YTA5YjhhOTkzODlhZDI3ODp7Il9zZXNzaW9uX2V4cGlyeSI6MCwiX2F1dGhfdXNlcl9iYWNrZW5kIjoiYWNjb3VudC5hdXRoX2JhY2tlbmRzLlVzZXJuYW1lQXV0aGVudGljYXRpb25CYWNrZW5kIiwicHJvamVjdF9pZCI6MSwiX2F1dGhfdXNlcl9oYXNoIjoiZGM3Y2IzZTdmZDhkZDQxZGVmZjFmMmRlMmE2NmUxNTBkMGJmMjFmMyIsIl9hdXRoX3VzZXJfaWQiOiIxIn0=', '2016-12-29 09:32:57'), ('lwdixehhoa6tuj4xt55o2i8x3w6h48t9', 'OGMyNTM1MTgwNWNkMWJmNWI0ODJmNWQ4NjVkNmZjMzljMDA3ODg1ODp7InByb2plY3RfaWQiOjF9', '2017-01-22 04:38:39'), ('mgi8l3frqw5ce0ivrbz4ve5wuwlxsyoo', 'NjYxMGJhMjM3OTdlYTY0M2E0ZGIwYjI0YWZlYjkxYmNhZDFiYTdlNDp7ImFzc29jX2hhbmRsZSI6IntITUFDLVNIQTI1Nn17NTg5OTJhOWV9ezhLWHBvUT09fSIsIl9hdXRoX3VzZXJfaGFzaCI6IjcyY2VjYWQ1NWI5MDU3Yjg3NGYwODg5YmVjZjFhZGM4YzIwZjE1ZWUiLCJtYWNfa2V5IjoiU2Nyd3hhT3hGN3RxR2dDSnBITHlIdmJUL1VDY3h5aWFQQVM3RVc3OVBLWT0iLCJfYXV0aF91c2VyX2lkIjoiMyIsImV4cGlyZXNfaW4iOiIxMjA5NjAwIiwiYXNzb2NfdHlwZSI6IkhNQUMtU0hBMjU2IiwiX2F1dGhfdXNlcl9iYWNrZW5kIjoiYWNjb3VudC5hdXRoX2JhY2tlbmRzLlVzZXJuYW1lQXV0aGVudGljYXRpb25CYWNrZW5kIiwicHJvamVjdF9pZCI6IjQzIiwic2F2ZV90aW1lIjoxNDg2NDMyOTI2LjMzODcxM30=', '2017-02-21 02:02:33'), ('msnyzv4ipyqrmyr35egxl3tgdh26bq1w', 'ZGQ0MDE2OGMxNDkzOWVmNmM3YmFlOTllMjBhZWZlNDkxYzA4ODI3OTp7ImFzc29jX2hhbmRsZSI6IntITUFDLVNIQTI1Nn17NTg3NmZjZmN9e0FTTjJ5dz09fSIsInByb2plY3RfaWQiOjEsIm1hY19rZXkiOiJLTUpnS1JkczdHNmUzSTJYdDVRVjBieW1MMkwwelVMU1hxWU9mdTRpUEQ0PSIsIl9hdXRoX3VzZXJfaWQiOiI1IiwiZXhwaXJlc19pbiI6IjEyMDk2MDAiLCJhc3NvY190eXBlIjoiSE1BQy1TSEEyNTYiLCJfYXV0aF91c2VyX2JhY2tlbmQiOiJhY2NvdW50LmF1dGhfYmFja2VuZHMuVXNlcm5hbWVBdXRoZW50aWNhdGlvbkJhY2tlbmQiLCJfYXV0aF91c2VyX2hhc2giOiJmYzZmNTRiNjAzYTZkNGMxNTNlN2FiOTBkYWRjYjczZjYxZTk4ZmIyIiwic2F2ZV90aW1lIjoxNDg0MTkzMDIwLjE1Nzc3fQ==', '2017-01-26 03:50:21'), ('n7arubwercf9jq8curvc7olrdq07wre4', 'ZmFhOWZkMTBmYWI3YWFhZTAzZTY2OGFjYzY3MzEwMGRjZDYzNmY3Yzp7Il9zZXNzaW9uX2V4cGlyeSI6MCwiX2F1dGhfdXNlcl9oYXNoIjoiZGM3Y2IzZTdmZDhkZDQxZGVmZjFmMmRlMmE2NmUxNTBkMGJmMjFmMyIsIl9hdXRoX3VzZXJfYmFja2VuZCI6ImFjY291bnQuYXV0aF9iYWNrZW5kcy5Vc2VybmFtZUF1dGhlbnRpY2F0aW9uQmFja2VuZCIsIl9hdXRoX3VzZXJfaWQiOiIxIn0=', '2017-01-12 12:54:35'), ('niodt3junplf0cjqh2jkp3pjjvkj7g05', 'MDNhMDIyMzgwZDY2YjMwMWJlODFiYzhjNWY3OTUyNWRkMjZjMGEwNTp7ImFzc29jX2hhbmRsZSI6IntITUFDLVNIQTI1Nn17NTg4MDg1YWZ9ezljbmprUT09fSIsIl9hdXRoX3VzZXJfaGFzaCI6ImZjNmY1NGI2MDNhNmQ0YzE1M2U3YWI5MGRhZGNiNzNmNjFlOThmYjIiLCJtYWNfa2V5IjoiSk5UNUEvTmQyVzFFaGlnRE1KZG5VRDJzQkRqUUR5VnFKbGFWZHR6RVdtWT0iLCJfYXV0aF91c2VyX2lkIjoiNSIsImV4cGlyZXNfaW4iOiIxMjA5NjAwIiwiYXNzb2NfdHlwZSI6IkhNQUMtU0hBMjU2Iiwibm9kZV9pZCI6IjciLCJfYXV0aF91c2VyX2JhY2tlbmQiOiJhY2NvdW50LmF1dGhfYmFja2VuZHMuVXNlcm5hbWVBdXRoZW50aWNhdGlvbkJhY2tlbmQiLCJwcm9qZWN0X2lkIjoxLCJzYXZlX3RpbWUiOjE0ODQ4MTc4MzkuMDE2MDYxfQ==', '2017-02-02 09:24:08'), ('no5kfb81exo0g76ic8zvj5qztw48cjtd', 'Mzc1YmNlMGYwYWE3MTdlYzQ1ZjY3YmI0ZDkzMzI4OTkwYWM1ZmE1ODp7Il9hdXRoX3VzZXJfaWQiOiIxIiwicHJvamVjdF9pZCI6MSwiX2F1dGhfdXNlcl9oYXNoIjoiZGM3Y2IzZTdmZDhkZDQxZGVmZjFmMmRlMmE2NmUxNTBkMGJmMjFmMyIsIl9hdXRoX3VzZXJfYmFja2VuZCI6ImFjY291bnQuYXV0aF9iYWNrZW5kcy5Vc2VybmFtZUF1dGhlbnRpY2F0aW9uQmFja2VuZCIsIl9zZXNzaW9uX2V4cGlyeSI6MH0=', '2017-01-02 09:32:01'), ('noh9aed2jvt9kwz9e8n6s8qomy8h3o4z', 'N2IyZmEyYTc3YzA5ODk4NDg3MDJmNjM5OWE3MjhkY2MwNTY3MTI2NDp7ImV4cGlyZXNfaW4iOiIxMjA5NjAwIiwiYXNzb2NfaGFuZGxlIjoie0hNQUMtU0hBMjU2fXs1ODc3MTA0Y317VndybmNBPT19Iiwic2F2ZV90aW1lIjoxNDg0MTk3OTY0LjE5ODExNSwiYXNzb2NfdHlwZSI6IkhNQUMtU0hBMjU2IiwibWFjX2tleSI6Ikl2QlFLSTlVNy9HclFEcG8yNmt0NHVIQkFDNjNveFQ4Smk3amlBUXROOTQ9In0=', '2017-01-26 05:12:51'), ('nuyilbvwaidg5hgw7ic71t8k6r8zu97y', 'Mjk0MWRmODliMjIyNGVkMzMwMDllNzliNjc1MWExNDVhNzEzNmFkYjp7ImFzc29jX2hhbmRsZSI6IntITUFDLVNIQTI1Nn17NTg4MDI1NzJ9e0RBckYwdz09fSIsIl9hdXRoX3VzZXJfaGFzaCI6ImY1MWNjMjhkMTdkZDViYjYxZTA3Yzc2YWMxMTQwYWM1ODMzYzc0YTUiLCJtYWNfa2V5IjoicitRZkN1dkVLOHA1SzFvb1F6S05Mc1NKUUdqYnpDbXhPajUya2cyWVk0Yz0iLCJfYXV0aF91c2VyX2lkIjoiNCIsImN1cnJlbnRfc3RlcF9pbmRleCI6IjQiLCJleHBpcmVzX2luIjoiMTIwOTYwMCIsImFzc29jX3R5cGUiOiJITUFDLVNIQTI1NiIsIm5vZGVfaWQiOiI3IiwiX2F1dGhfdXNlcl9iYWNrZW5kIjoiYWNjb3VudC5hdXRoX2JhY2tlbmRzLlVzZXJuYW1lQXV0aGVudGljYXRpb25CYWNrZW5kIiwicHJvamVjdF9pZCI6MSwic2F2ZV90aW1lIjoxNDg0NzkzMjAyLjU4MTAyNH0=', '2017-02-04 05:30:13'), ('oih92v17fasfm8yitruuj264cp2mxlzq', 'OGMyNTM1MTgwNWNkMWJmNWI0ODJmNWQ4NjVkNmZjMzljMDA3ODg1ODp7InByb2plY3RfaWQiOjF9', '2017-01-20 08:21:02'), ('ojuu5uyagwcz60erc4k6t478y4af81ni', 'NTFkZjYwZjE3MDNkMGU0Y2UyNTRjOGNlYjMwZGUzMzc0MmIzZmZhNDp7Il9hdXRoX3VzZXJfaGFzaCI6ImRjN2NiM2U3ZmQ4ZGQ0MWRlZmYxZjJkZTJhNjZlMTUwZDBiZjIxZjMiLCJfYXV0aF91c2VyX2lkIjoiMSIsIl9hdXRoX3VzZXJfYmFja2VuZCI6ImFjY291bnQuYXV0aF9iYWNrZW5kcy5Vc2VybmFtZUF1dGhlbnRpY2F0aW9uQmFja2VuZCIsInN0ZXBfaW5kZXgiOiI2IiwiX3Nlc3Npb25fZXhwaXJ5IjowLCJwcm9qZWN0X2lkIjoxfQ==', '2016-12-26 13:02:47'), ('omh6shvjns8z6r7cmk8y8kw7iinxelql', 'ZDUyNDJiYmU0NWM1NTU3YzFhOTNiMTk2MTdkZTZiYjk4YzU4MjA3OTp7Il9hdXRoX3VzZXJfaGFzaCI6ImRjN2NiM2U3ZmQ4ZGQ0MWRlZmYxZjJkZTJhNjZlMTUwZDBiZjIxZjMiLCJfYXV0aF91c2VyX2lkIjoiMSIsIl9hdXRoX3VzZXJfYmFja2VuZCI6ImFjY291bnQuYXV0aF9iYWNrZW5kcy5Vc2VybmFtZUF1dGhlbnRpY2F0aW9uQmFja2VuZCIsInN0ZXBfaW5kZXgiOiIxIiwiX3Nlc3Npb25fZXhwaXJ5IjowLCJwcm9qZWN0X2lkIjozMn0=', '2016-12-28 12:43:14'), ('p8ej5vq05xgfj1mflajkg2gguqpoi3s7', 'OWU4OWEwYzdmZjgxNGNmYTE1N2E5YzQ1ZWQ3Njk5MThiMTljNWMwZjp7Il9hdXRoX3VzZXJfaGFzaCI6IjcyY2VjYWQ1NWI5MDU3Yjg3NGYwODg5YmVjZjFhZGM4YzIwZjE1ZWUiLCJfYXV0aF91c2VyX2lkIjoiMyIsImN1cnJlbnRfc3RlcF9pbmRleCI6IjEiLCJfYXV0aF91c2VyX2JhY2tlbmQiOiJhY2NvdW50LmF1dGhfYmFja2VuZHMuVXNlcm5hbWVBdXRoZW50aWNhdGlvbkJhY2tlbmQiLCJub2RlX2lkIjoiNDYiLCJwcm9qZWN0X2lkIjoxfQ==', '2017-01-24 07:47:49'), ('pkv7b4k5b5v25x6ukwqrmg3mo9vz26oz', 'YmQxNjNjMjBkNGE3N2I3NTFiODNjYzIyMzk4ZTVlOTJkODExZTkxNzp7Im5vZGVfaWQiOiI3IiwiX2F1dGhfdXNlcl9pZCI6IjQiLCJwcm9qZWN0X2lkIjoxLCJfYXV0aF91c2VyX2hhc2giOiJmNTFjYzI4ZDE3ZGQ1YmI2MWUwN2M3NmFjMTE0MGFjNTgzM2M3NGE1IiwiX2F1dGhfdXNlcl9iYWNrZW5kIjoiYWNjb3VudC5hdXRoX2JhY2tlbmRzLlVzZXJuYW1lQXV0aGVudGljYXRpb25CYWNrZW5kIn0=', '2017-02-04 06:34:00'), ('posqtlu2fm10r6rqd1ykk5sltwjx2brx', 'ZjE3YjczMmQ0ZDllYWQ4Nzc3YjczZThlNTg1MTA0Nzc4YmEyYjdhYTp7Il9hdXRoX3VzZXJfaGFzaCI6ImRjN2NiM2U3ZmQ4ZGQ0MWRlZmYxZjJkZTJhNjZlMTUwZDBiZjIxZjMiLCJfYXV0aF91c2VyX2lkIjoiMSIsIl9hdXRoX3VzZXJfYmFja2VuZCI6ImFjY291bnQuYXV0aF9iYWNrZW5kcy5Vc2VybmFtZUF1dGhlbnRpY2F0aW9uQmFja2VuZCIsIm5vZGVfaWQiOiI1IiwiX3Nlc3Npb25fZXhwaXJ5IjowLCJwcm9qZWN0X2lkIjoxfQ==', '2017-01-20 02:44:27'), ('ppudmaouvbcrnsmh9x5onfjutqh6w7qr', 'YmQxNjNjMjBkNGE3N2I3NTFiODNjYzIyMzk4ZTVlOTJkODExZTkxNzp7Im5vZGVfaWQiOiI3IiwiX2F1dGhfdXNlcl9pZCI6IjQiLCJwcm9qZWN0X2lkIjoxLCJfYXV0aF91c2VyX2hhc2giOiJmNTFjYzI4ZDE3ZGQ1YmI2MWUwN2M3NmFjMTE0MGFjNTgzM2M3NGE1IiwiX2F1dGhfdXNlcl9iYWNrZW5kIjoiYWNjb3VudC5hdXRoX2JhY2tlbmRzLlVzZXJuYW1lQXV0aGVudGljYXRpb25CYWNrZW5kIn0=', '2017-02-04 05:37:06'), ('prhfyrbpmxvovw2zjo6zriqfjgi57b59', 'ZmJiMWZmMDkzYzIyYmY0MWFmMWI1YWUwOTdiOTQzZTgyM2JmODViODp7ImFzc29jX2hhbmRsZSI6IntITUFDLVNIQTI1Nn17NTg4MDgwOTd9ezZwKzUwQT09fSIsIl9hdXRoX3VzZXJfaGFzaCI6ImZjNmY1NGI2MDNhNmQ0YzE1M2U3YWI5MGRhZGNiNzNmNjFlOThmYjIiLCJtYWNfa2V5IjoieUtKRXhXNXVFYWtQWldrM3FhVkEyZ0VoN3RBSnRwenJQM3BTSTJxZjZCND0iLCJfYXV0aF91c2VyX2lkIjoiNSIsImV4cGlyZXNfaW4iOiIxMjA5NjAwIiwiYXNzb2NfdHlwZSI6IkhNQUMtU0hBMjU2Iiwibm9kZV9pZCI6IjciLCJfYXV0aF91c2VyX2JhY2tlbmQiOiJhY2NvdW50LmF1dGhfYmFja2VuZHMuVXNlcm5hbWVBdXRoZW50aWNhdGlvbkJhY2tlbmQiLCJwcm9qZWN0X2lkIjoxLCJzYXZlX3RpbWUiOjE0ODQ4MTY1MzUuNzY2NDU1fQ==', '2017-02-02 09:02:22'), ('pxvsewrvg30membh0xpdrjrwtn6s17br', 'NjQ1ZTRkZGVkODJhMzVmNTc1ZGJjOGFmMmUyZmY5NmEwNjdlZWQ1Mjp7ImFzc29jX2hhbmRsZSI6IntITUFDLVNIQTI1Nn17NTg3ZDdlNGR9ezI5WCtHUT09fSIsIm1hY19rZXkiOiJVa0RTTVpXbWxUUUdjeUcwTGZmek1aazBRc0tqbGgrdUJDWXUvOGFaNS9JPSIsIl9hdXRoX3VzZXJfaWQiOiIxIiwiZXhwaXJlc19pbiI6IjEyMDk2MDAiLCJhc3NvY190eXBlIjoiSE1BQy1TSEEyNTYiLCJfYXV0aF91c2VyX2JhY2tlbmQiOiJhY2NvdW50LmF1dGhfYmFja2VuZHMuVXNlcm5hbWVBdXRoZW50aWNhdGlvbkJhY2tlbmQiLCJfYXV0aF91c2VyX2hhc2giOiJkYzdjYjNlN2ZkOGRkNDFkZWZmMWYyZGUyYTY2ZTE1MGQwYmYyMWYzIiwic2F2ZV90aW1lIjoxNDg0NjE5MzQxLjY3NTM1fQ==', '2017-01-31 02:16:21'), ('q2369b6y3ffa65qalh1kqcx6tqv3ie51', 'MGY1YzY4Y2E2MWE1N2MwM2VhYzdkZTA2OTgyZjAxODRhNTY4ZmMwODp7ImFzc29jX2hhbmRsZSI6IntITUFDLVNIQTI1Nn17NTg4MDU4ZTB9e09CNVFMUT09fSIsInByb2plY3RfaWQiOjEsIm1hY19rZXkiOiJuRFBrWElYd1pFc05KVHBUTEpsRjc3QW9aS3ZTYlZlMHhpQkpqTkxDeTNzPSIsIl9hdXRoX3VzZXJfaWQiOiI1NSIsImV4cGlyZXNfaW4iOiIxMjA5NjAwIiwiYXNzb2NfdHlwZSI6IkhNQUMtU0hBMjU2Iiwibm9kZV9pZCI6IjMiLCJfYXV0aF91c2VyX2JhY2tlbmQiOiJhY2NvdW50LmF1dGhfYmFja2VuZHMuVXNlcm5hbWVBdXRoZW50aWNhdGlvbkJhY2tlbmQiLCJfYXV0aF91c2VyX2hhc2giOiJkZGQzMmJkYzU4MWVkZWVmMWIxZGY1MGFmNGIyMWIwZDQxOTIwNTQ2Iiwic2F2ZV90aW1lIjoxNDg0ODA2MzY4LjIwMTI2Mn0=', '2017-02-02 06:13:48'), ('qbslc6whkhfztkyvok95hybp2paejn8z', 'NjIwYjNiNWY2YTIxYjQ2MDkzMWM5MzY1YTA5YjhhOTkzODlhZDI3ODp7Il9zZXNzaW9uX2V4cGlyeSI6MCwiX2F1dGhfdXNlcl9iYWNrZW5kIjoiYWNjb3VudC5hdXRoX2JhY2tlbmRzLlVzZXJuYW1lQXV0aGVudGljYXRpb25CYWNrZW5kIiwicHJvamVjdF9pZCI6MSwiX2F1dGhfdXNlcl9oYXNoIjoiZGM3Y2IzZTdmZDhkZDQxZGVmZjFmMmRlMmE2NmUxNTBkMGJmMjFmMyIsIl9hdXRoX3VzZXJfaWQiOiIxIn0=', '2017-01-13 06:36:00'), ('qlfx0thhl2kaoz0k71mf3hazqzqt83l7', 'YjU1NjMwYTVhYWFjMDNlYmZjMGUwZDRmZGEzZWJiZWVlYmI0ZTkxZTp7ImFzc29jX2hhbmRsZSI6IntITUFDLVNIQTI1Nn17NTg4MDg4OTl9e2xpajdJQT09fSIsIl9hdXRoX3VzZXJfaGFzaCI6ImZjNmY1NGI2MDNhNmQ0YzE1M2U3YWI5MGRhZGNiNzNmNjFlOThmYjIiLCJtYWNfa2V5IjoiOUppT2tXRk9xekVvSjFoWTBJejJ6anMxYmxxM1FQYWVjMnBPREZXWEtGMD0iLCJfYXV0aF91c2VyX2lkIjoiNSIsImV4cGlyZXNfaW4iOiIxMjA5NjAwIiwiYXNzb2NfdHlwZSI6IkhNQUMtU0hBMjU2Iiwibm9kZV9pZCI6IjkxIiwiX2F1dGhfdXNlcl9iYWNrZW5kIjoiYWNjb3VudC5hdXRoX2JhY2tlbmRzLlVzZXJuYW1lQXV0aGVudGljYXRpb25CYWNrZW5kIiwicHJvamVjdF9pZCI6MSwic2F2ZV90aW1lIjoxNDg0ODE4NTg1Ljk1NzI2N30=', '2017-02-02 11:13:33'), ('qljsf2i7ho0zotpepslkooaxu38hr0n1', 'NDZjM2RhMDliYWEzODZjOTg1MDg2NGI2OTU4NzViMTkzOTk4MGNmYTp7ImFzc29jX2hhbmRsZSI6IntITUFDLVNIQTI1Nn17NTg4MDgzOTd9e280RU9QZz09fSIsInByb2plY3RfaWQiOjEsIm1hY19rZXkiOiJFeU42bHowWHB4OWRQaVVnN01TR0I1b0hCUE83Uy9OYkxNSzhadnBIendjPSIsIl9hdXRoX3VzZXJfaWQiOiI1IiwiY3VycmVudF9zdGVwX2luZGV4IjoiMiIsImV4cGlyZXNfaW4iOiIxMjA5NjAwIiwiYXNzb2NfdHlwZSI6IkhNQUMtU0hBMjU2Iiwibm9kZV9pZCI6IjciLCJfYXV0aF91c2VyX2JhY2tlbmQiOiJhY2NvdW50LmF1dGhfYmFja2VuZHMuVXNlcm5hbWVBdXRoZW50aWNhdGlvbkJhY2tlbmQiLCJfYXV0aF91c2VyX2hhc2giOiJmYzZmNTRiNjAzYTZkNGMxNTNlN2FiOTBkYWRjYjczZjYxZTk4ZmIyIiwic2F2ZV90aW1lIjoxNDg0ODE3MzAzLjg3MDc5NX0=', '2017-02-02 09:15:59'), ('qxa50rsynfbq0kn9qtdvte9lceoxlllb', 'YjZjZDYyMTcwM2ZlNTJiMmM2MjgwMjQ4MTFlNzU2YmZiMDkwNTdmNDp7fQ==', '2017-01-19 07:27:11'), ('qysm7fz0gbtkgh4a577e7dcknd5uivzy', 'NzQ4NTc2MDU2OWE4MGYxMmQ3YTM1OTQ4MzdhN2EyOTM3YWY2NjcwZjp7InByb2plY3RfaWQiOiIxIiwibm9kZV9pZCI6IjgifQ==', '2017-01-20 09:02:22'), ('qzgy1l8z1x1qvgr7wm1a43tchdzktl18', 'ZWE1MjkwZGY3NGNhMGYwMTMyMjE0OTY0NmRlNGRjNTg3YmMzNzZkYTp7ImFzc29jX2hhbmRsZSI6IntITUFDLVNIQTI1Nn17NTg4MDY5M2N9e080eTR6Zz09fSIsInByb2plY3RfaWQiOjEsIm1hY19rZXkiOiJUSGFYVisxNVgvU2Y1akJZQk0zOE85amc1NVN5WC84UW8rSVVkUUZueTRVPSIsIl9hdXRoX3VzZXJfaWQiOiI1IiwiZXhwaXJlc19pbiI6IjEyMDk2MDAiLCJhc3NvY190eXBlIjoiSE1BQy1TSEEyNTYiLCJub2RlX2lkIjoiOTEiLCJfYXV0aF91c2VyX2JhY2tlbmQiOiJhY2NvdW50LmF1dGhfYmFja2VuZHMuVXNlcm5hbWVBdXRoZW50aWNhdGlvbkJhY2tlbmQiLCJfYXV0aF91c2VyX2hhc2giOiJmYzZmNTRiNjAzYTZkNGMxNTNlN2FiOTBkYWRjYjczZjYxZTk4ZmIyIiwic2F2ZV90aW1lIjoxNDg0ODEwNTU2Ljc2NDU0M30=', '2017-02-02 08:02:24'), ('r8ffq9ltc2yakjnreth6s3wru9v2anky', 'YjZjZDYyMTcwM2ZlNTJiMmM2MjgwMjQ4MTFlNzU2YmZiMDkwNTdmNDp7fQ==', '2017-01-19 07:27:05'), ('rchwpnd8h45iakp5svdvd80txfopis6h', 'NjE5Y2U0NWQ1MTE5YTYxOTczMDhmMzcwYTI0ZDEwMWFjMWI5Yzg2MDp7Il9zZXNzaW9uX2V4cGlyeSI6MCwiX2F1dGhfdXNlcl9oYXNoIjoiZmM2ZjU0YjYwM2E2ZDRjMTUzZTdhYjkwZGFkY2I3M2Y2MWU5OGZiMiIsIl9hdXRoX3VzZXJfYmFja2VuZCI6ImFjY291bnQuYXV0aF9iYWNrZW5kcy5Vc2VybmFtZUF1dGhlbnRpY2F0aW9uQmFja2VuZCIsIl9hdXRoX3VzZXJfaWQiOiI1In0=', '2016-12-20 06:38:48'), ('ridzw3q2yygpd2bxu9ywq5uscn8nllx6', 'NDY4Zjc1YWVlM2ZmZTUxMDdjZTU2MGI1MDk5OGU3YzNiYzA4ZTI5MTp7InByb2plY3RfaWQiOjEsIl9hdXRoX3VzZXJfaGFzaCI6IjBhZGNmNTVhOTVmNjY1Y2I5MTU3OTVhNzc4NDg3MTYzNTE3NjQ2OGQiLCJfYXV0aF91c2VyX2JhY2tlbmQiOiJhY2NvdW50LmF1dGhfYmFja2VuZHMuVXNlcm5hbWVBdXRoZW50aWNhdGlvbkJhY2tlbmQiLCJfYXV0aF91c2VyX2lkIjoiNDQifQ==', '2017-01-23 02:43:04'), ('rn322p1v0k3oqiuwvf3x5p65uyxjlail', 'ZmFhOWZkMTBmYWI3YWFhZTAzZTY2OGFjYzY3MzEwMGRjZDYzNmY3Yzp7Il9zZXNzaW9uX2V4cGlyeSI6MCwiX2F1dGhfdXNlcl9oYXNoIjoiZGM3Y2IzZTdmZDhkZDQxZGVmZjFmMmRlMmE2NmUxNTBkMGJmMjFmMyIsIl9hdXRoX3VzZXJfYmFja2VuZCI6ImFjY291bnQuYXV0aF9iYWNrZW5kcy5Vc2VybmFtZUF1dGhlbnRpY2F0aW9uQmFja2VuZCIsIl9hdXRoX3VzZXJfaWQiOiIxIn0=', '2017-01-12 07:05:39'), ('rpdxjoekul85uk3njd66e1aiy4u9a2n3', 'NDYxNTU2YjIyZmVkYzZmMmU3ODE0OTEwOGQwMGRjNmE5ODliNDlkZDp7ImFzc29jX2hhbmRsZSI6IntITUFDLVNIQTI1Nn17NTg4MGFhYmJ9e2lJdTltUT09fSIsInByb2plY3RfaWQiOjEsIm1hY19rZXkiOiJBeUlHWGdDVXlYSHRyYnVJMVFmQjcrUlFjMUlvTHFFQUtUZ01XN2lYdVhBPSIsIl9hdXRoX3VzZXJfaWQiOiI1IiwiZXhwaXJlc19pbiI6IjEyMDk2MDAiLCJhc3NvY190eXBlIjoiSE1BQy1TSEEyNTYiLCJub2RlX2lkIjoiNyIsIl9hdXRoX3VzZXJfYmFja2VuZCI6ImFjY291bnQuYXV0aF9iYWNrZW5kcy5Vc2VybmFtZUF1dGhlbnRpY2F0aW9uQmFja2VuZCIsIl9hdXRoX3VzZXJfaGFzaCI6ImZjNmY1NGI2MDNhNmQ0YzE1M2U3YWI5MGRhZGNiNzNmNjFlOThmYjIiLCJzYXZlX3RpbWUiOjE0ODQ4MjczMjMuMjY3MzQ3fQ==', '2017-02-02 12:03:02'), ('rq9apik4wxj3swpzcldcdpnqoljhkgua', 'OGY1ZTFhNzY1ZjQ1NmQ2ZmYzMWNhMGNiY2RmODYwZmQ2NjBmZDY0Njp7ImFzc29jX2hhbmRsZSI6IntITUFDLVNIQTI1Nn17NTg3ZjIyMDh9e2xzbitFUT09fSIsIl9hdXRoX3VzZXJfaGFzaCI6ImY1MWNjMjhkMTdkZDViYjYxZTA3Yzc2YWMxMTQwYWM1ODMzYzc0YTUiLCJfYXV0aF91c2VyX2lkIjoiNCIsIm1hY19rZXkiOiJ2czIydDdYd2JVZmFPaVZOVS90akF0VHV0UW5qWGE0eUhtZW5QMzYyRng4PSIsImV4cGlyZXNfaW4iOiIxMjA5NjAwIiwiYXNzb2NfdHlwZSI6IkhNQUMtU0hBMjU2Iiwibm9kZV9pZCI6IjciLCJfYXV0aF91c2VyX2JhY2tlbmQiOiJhY2NvdW50LmF1dGhfYmFja2VuZHMuVXNlcm5hbWVBdXRoZW50aWNhdGlvbkJhY2tlbmQiLCJwcm9qZWN0X2lkIjoxLCJzYXZlX3RpbWUiOjE0ODQ3MjY3OTIuMzI0OTE1fQ==', '2017-02-02 02:20:04'), ('rs1ta5m4v0qekryfibzazb13i7xdnv70', 'NGYxNzA0YWRhZjAwYTc3YmU2YzliMWI5MjI1OWQ3MDgzNTQ2OWVlMzp7ImFzc29jX2hhbmRsZSI6IntITUFDLVNIQTI1Nn17NTg4NDY0MDd9e3V3UkhpQT09fSIsInByb2plY3RfaWQiOjEsIm1hY19rZXkiOiJEZUZsTktOM1pDU3pEaG1tZmJmS05hQmUySnRydG1TM0ZsVE1lQ3E5UXBRPSIsIl9hdXRoX3VzZXJfaWQiOiIzIiwiZXhwaXJlc19pbiI6IjEyMDk2MDAiLCJfYXV0aF91c2VyX2JhY2tlbmQiOiJhY2NvdW50LmF1dGhfYmFja2VuZHMuVXNlcm5hbWVBdXRoZW50aWNhdGlvbkJhY2tlbmQiLCJhc3NvY190eXBlIjoiSE1BQy1TSEEyNTYiLCJfc2Vzc2lvbl9leHBpcnkiOjAsIl9hdXRoX3VzZXJfaGFzaCI6IjcyY2VjYWQ1NWI5MDU3Yjg3NGYwODg5YmVjZjFhZGM4YzIwZjE1ZWUiLCJzYXZlX3RpbWUiOjE0ODUwNzEzNjcuNjk1MDY3fQ==', '2017-02-05 08:08:06'), ('sbiomvu19x245isnxksr9ny3qo8h3yjf', 'NjIwYjNiNWY2YTIxYjQ2MDkzMWM5MzY1YTA5YjhhOTkzODlhZDI3ODp7Il9zZXNzaW9uX2V4cGlyeSI6MCwiX2F1dGhfdXNlcl9iYWNrZW5kIjoiYWNjb3VudC5hdXRoX2JhY2tlbmRzLlVzZXJuYW1lQXV0aGVudGljYXRpb25CYWNrZW5kIiwicHJvamVjdF9pZCI6MSwiX2F1dGhfdXNlcl9oYXNoIjoiZGM3Y2IzZTdmZDhkZDQxZGVmZjFmMmRlMmE2NmUxNTBkMGJmMjFmMyIsIl9hdXRoX3VzZXJfaWQiOiIxIn0=', '2017-01-03 02:47:22'), ('t165u6jgpe1jlq5l3g3u1d9hzvej000j', 'ODIzOGU4YzE1MDRkYmQ1NzQ3ZmNmNzRmM2YzYzhhODFkMTVjMmJjMjp7ImFzc29jX2hhbmRsZSI6IntITUFDLVNIQTI1Nn17NTg3ZGI1NTl9e3M5NGkxZz09fSIsInByb2plY3RfaWQiOjEsIm1hY19rZXkiOiJwMVdzZ1R1K09NaWpMSHpTYjBwSmo0VEwrKzYxcnRpdHRNcHY2K3JRS0pzPSIsIl9hdXRoX3VzZXJfaWQiOiIzIiwiZXhwaXJlc19pbiI6IjEyMDk2MDAiLCJhc3NvY190eXBlIjoiSE1BQy1TSEEyNTYiLCJfYXV0aF91c2VyX2JhY2tlbmQiOiJhY2NvdW50LmF1dGhfYmFja2VuZHMuVXNlcm5hbWVBdXRoZW50aWNhdGlvbkJhY2tlbmQiLCJfYXV0aF91c2VyX2hhc2giOiI3MmNlY2FkNTViOTA1N2I4NzRmMDg4OWJlY2YxYWRjOGMyMGYxNWVlIiwic2F2ZV90aW1lIjoxNDg0NjMzNDMzLjI0MjMyMn0=', '2017-01-31 06:10:41'), ('t3k7ngsecld658cuei0bu2ay76ac1yv0', 'MjJmNjgwY2Q2YmRkMWU2NTI3ZGEzN2Q2MzFlYmRjNWExMTcyNzU1YTp7InNhdmVfdGltZSI6MTQ4NDg4MTEyNS41ODY4MzcsImFzc29jX2hhbmRsZSI6IntITUFDLVNIQTI1Nn17NTg4MTdjZTV9e21LWnExUT09fSIsImV4cGlyZXNfaW4iOiIxMjA5NjAwIiwibWFjX2tleSI6ImhWbmQ2WHhqUWZDdi9DeE1yaWFvc0wrQ0x2ZE91MzVobllrSTRSRE9nMTg9IiwiYXNzb2NfdHlwZSI6IkhNQUMtU0hBMjU2In0=', '2017-02-03 02:58:46'), ('tjwpchh0i5shvsftsti5r7rib5vvv3hd', 'Yzg5ZWM2ODJlZmE0ZGZiN2E0MzUxOGU1NWRjZGY5NWExZDE4OTUxMTp7ImFzc29jX2hhbmRsZSI6IntITUFDLVNIQTI1Nn17NTg3ZjA4NTR9e0Y0NFAzdz09fSIsIl9hdXRoX3VzZXJfaGFzaCI6ImRjN2NiM2U3ZmQ4ZGQ0MWRlZmYxZjJkZTJhNjZlMTUwZDBiZjIxZjMiLCJtYWNfa2V5IjoiTENPYXYxSTRyWTNyTG9ubFFDVXBkV3RISFQ2ZklWUDh4S3Y0RHZKTWlxMD0iLCJfYXV0aF91c2VyX2lkIjoiMSIsImV4cGlyZXNfaW4iOiIxMjA5NjAwIiwiX2F1dGhfdXNlcl9iYWNrZW5kIjoiYWNjb3VudC5hdXRoX2JhY2tlbmRzLlVzZXJuYW1lQXV0aGVudGljYXRpb25CYWNrZW5kIiwiYXNzb2NfdHlwZSI6IkhNQUMtU0hBMjU2IiwiX3Nlc3Npb25fZXhwaXJ5IjowLCJwcm9qZWN0X2lkIjoxLCJzYXZlX3RpbWUiOjE0ODQ3MjAyMTIuNDMyMTJ9', '2017-02-01 08:23:08'), ('uk26bdky9un0ic24nld761869r646afv', 'YjJkY2FlNDE1ZTY3YjY0OTM2ZDZjMGNjOWQ2OWFkZDkyMDE2Njk4Nzp7ImFzc29jX2hhbmRsZSI6IntITUFDLVNIQTI1Nn17NTg3NzE5ZTV9ezFCMTFVdz09fSIsInByb2plY3RfaWQiOjEsIm1hY19rZXkiOiJaN3RaaTlvOFBKQnR0VDkzcm83dUVudFpvUjNzYVZEM1RZM0ZiL25abi9VPSIsIl9hdXRoX3VzZXJfaWQiOiIzIiwiZXhwaXJlc19pbiI6IjEyMDk2MDAiLCJhc3NvY190eXBlIjoiSE1BQy1TSEEyNTYiLCJfYXV0aF91c2VyX2JhY2tlbmQiOiJhY2NvdW50LmF1dGhfYmFja2VuZHMuVXNlcm5hbWVBdXRoZW50aWNhdGlvbkJhY2tlbmQiLCJfYXV0aF91c2VyX2hhc2giOiI3MmNlY2FkNTViOTA1N2I4NzRmMDg4OWJlY2YxYWRjOGMyMGYxNWVlIiwic2F2ZV90aW1lIjoxNDg0MjAwNDIxLjI3ODA3M30=', '2017-01-26 06:02:20'), ('us84d12qt6ohy02bax12cy7vulpcx8hp', 'YjZjZDYyMTcwM2ZlNTJiMmM2MjgwMjQ4MTFlNzU2YmZiMDkwNTdmNDp7fQ==', '2016-12-29 09:29:27'), ('uxi5g0usc5p6duz8btswzakneaurn6lb', 'YTJjODhhMGU1NjQ3OTA0M2U3MDhjYmE2ZTI5NGQ4YzVkODIyY2ZhNzp7ImFzc29jX2hhbmRsZSI6IntITUFDLVNIQTI1Nn17NTg5N2Q2MjN9e3NxQmg2QT09fSIsIl9hdXRoX3VzZXJfaGFzaCI6IjcyY2VjYWQ1NWI5MDU3Yjg3NGYwODg5YmVjZjFhZGM4YzIwZjE1ZWUiLCJtYWNfa2V5IjoiUUJPTjlwZzUzQzNnQ2ZQNU0yUThDZmpsNS9VdytUQUZNdFBnYW1RUzJZVT0iLCJfYXV0aF91c2VyX2lkIjoiMyIsImV4cGlyZXNfaW4iOiIxMjA5NjAwIiwiYXNzb2NfdHlwZSI6IkhNQUMtU0hBMjU2IiwiX2F1dGhfdXNlcl9iYWNrZW5kIjoiYWNjb3VudC5hdXRoX2JhY2tlbmRzLlVzZXJuYW1lQXV0aGVudGljYXRpb25CYWNrZW5kIiwiX3Nlc3Npb25fZXhwaXJ5IjowLCJwcm9qZWN0X2lkIjoiNDMiLCJzYXZlX3RpbWUiOjE0ODYzNDU3NjMuODg0NjE2fQ==', '2017-02-20 03:22:45'), ('vmt1dz73oou7u60loge60l1lpioeuwyv', 'YjZjZDYyMTcwM2ZlNTJiMmM2MjgwMjQ4MTFlNzU2YmZiMDkwNTdmNDp7fQ==', '2016-12-20 03:25:45'), ('vr8c90rfotx0wvqxjv3wp829xpponjta', 'NWE5MTYzZTZkZjljOGY2MDNlMWI5Y2Q2YzA3Y2UzNTFiOTFjOTMxYTp7Im5vZGVfaWQiOiI3IiwiX2F1dGhfdXNlcl9pZCI6IjUiLCJwcm9qZWN0X2lkIjoxLCJfYXV0aF91c2VyX2hhc2giOiJmYzZmNTRiNjAzYTZkNGMxNTNlN2FiOTBkYWRjYjczZjYxZTk4ZmIyIiwiX2F1dGhfdXNlcl9iYWNrZW5kIjoiYWNjb3VudC5hdXRoX2JhY2tlbmRzLlVzZXJuYW1lQXV0aGVudGljYXRpb25CYWNrZW5kIn0=', '2017-02-03 03:00:24'), ('wpbaen1rhxopnfn7w1v58bzh4u7ikq4p', 'ODFjMmUxNzQ4MTQ2M2E0ZmY1NTAzZDc3Y2U1ZmYxMmFkNThhMzAxNzp7Il9hdXRoX3VzZXJfaWQiOiI0IiwicHJvamVjdF9pZCI6IjIiLCJfYXV0aF91c2VyX2hhc2giOiJmNTFjYzI4ZDE3ZGQ1YmI2MWUwN2M3NmFjMTE0MGFjNTgzM2M3NGE1IiwiX2F1dGhfdXNlcl9iYWNrZW5kIjoiYWNjb3VudC5hdXRoX2JhY2tlbmRzLlVzZXJuYW1lQXV0aGVudGljYXRpb25CYWNrZW5kIn0=', '2017-01-24 08:23:15'), ('xakk9lirur8rz3piye6jst0pyxu5u1ng', 'Mzc1YmNlMGYwYWE3MTdlYzQ1ZjY3YmI0ZDkzMzI4OTkwYWM1ZmE1ODp7Il9hdXRoX3VzZXJfaWQiOiIxIiwicHJvamVjdF9pZCI6MSwiX2F1dGhfdXNlcl9oYXNoIjoiZGM3Y2IzZTdmZDhkZDQxZGVmZjFmMmRlMmE2NmUxNTBkMGJmMjFmMyIsIl9hdXRoX3VzZXJfYmFja2VuZCI6ImFjY291bnQuYXV0aF9iYWNrZW5kcy5Vc2VybmFtZUF1dGhlbnRpY2F0aW9uQmFja2VuZCIsIl9zZXNzaW9uX2V4cGlyeSI6MH0=', '2016-12-26 02:00:02'), ('xel1q7p7x8a35vp7m3xijr7j8d5fy3ru', 'YjZjZDYyMTcwM2ZlNTJiMmM2MjgwMjQ4MTFlNzU2YmZiMDkwNTdmNDp7fQ==', '2017-01-19 07:27:08'), ('xkdxery531o3ppkhqtv02vt1asfte3iy', 'ZjhhZDc5MGM3MDYzZmM3YjM4MzI5Y2QwYTZiY2Q4OWU5OWZiYTQ2MDp7ImFzc29jX2hhbmRsZSI6IntITUFDLVNIQTI1Nn17NTg4MDdhODB9ezRQNzNXQT09fSIsIl9hdXRoX3VzZXJfaGFzaCI6ImZjNmY1NGI2MDNhNmQ0YzE1M2U3YWI5MGRhZGNiNzNmNjFlOThmYjIiLCJtYWNfa2V5Ijoic29jVVA2Sk5pM1doS0NBZnZyZVE3UkE0QU9QWWFNeGF6Z1drL0pvMURMaz0iLCJfYXV0aF91c2VyX2lkIjoiNSIsImV4cGlyZXNfaW4iOiIxMjA5NjAwIiwiYXNzb2NfdHlwZSI6IkhNQUMtU0hBMjU2Iiwibm9kZV9pZCI6IjciLCJfYXV0aF91c2VyX2JhY2tlbmQiOiJhY2NvdW50LmF1dGhfYmFja2VuZHMuVXNlcm5hbWVBdXRoZW50aWNhdGlvbkJhY2tlbmQiLCJwcm9qZWN0X2lkIjoxLCJzYXZlX3RpbWUiOjE0ODQ4MTQ5NzYuNjE4MjExfQ==', '2017-02-02 08:36:26'), ('xxvi3i4ot2wkkkpk0s46x8xdu3dbnum3', 'NjIwYjNiNWY2YTIxYjQ2MDkzMWM5MzY1YTA5YjhhOTkzODlhZDI3ODp7Il9zZXNzaW9uX2V4cGlyeSI6MCwiX2F1dGhfdXNlcl9iYWNrZW5kIjoiYWNjb3VudC5hdXRoX2JhY2tlbmRzLlVzZXJuYW1lQXV0aGVudGljYXRpb25CYWNrZW5kIiwicHJvamVjdF9pZCI6MSwiX2F1dGhfdXNlcl9oYXNoIjoiZGM3Y2IzZTdmZDhkZDQxZGVmZjFmMmRlMmE2NmUxNTBkMGJmMjFmMyIsIl9hdXRoX3VzZXJfaWQiOiIxIn0=', '2017-01-09 08:17:31'), ('yhuy64w3ic11nybc1fj64afhdq8aeltv', 'ZDUzZGJhNDk0YWQ1ODY2M2IxNmUyYTIxMjQzMmI3M2U3OThmNTk4YTp7ImFzc29jX2hhbmRsZSI6IntITUFDLVNIQTI1Nn17NTg3NmZkNjF9e2FRN0U3dz09fSIsInByb2plY3RfaWQiOjEsIm1hY19rZXkiOiI0OE12NjNIUnJyRWxneFdmSUdmc3BpOCtxemxZbmxUTmZQV3B5bXJPQks4PSIsIl9hdXRoX3VzZXJfaWQiOiI0NiIsImN1cnJlbnRfc3RlcF9pbmRleCI6Imxhc3QiLCJleHBpcmVzX2luIjoiMTIwOTYwMCIsImFzc29jX3R5cGUiOiJITUFDLVNIQTI1NiIsIm5vZGVfaWQiOiIxNDAiLCJfYXV0aF91c2VyX2JhY2tlbmQiOiJhY2NvdW50LmF1dGhfYmFja2VuZHMuVXNlcm5hbWVBdXRoZW50aWNhdGlvbkJhY2tlbmQiLCJfYXV0aF91c2VyX2hhc2giOiI2NmNhZGY3YWY2ZTMwNWE4YmVhMWYyZDYyYzE3MzE3MTdkNjQyNmVkIiwic2F2ZV90aW1lIjoxNDg0MTkzMTIxLjEzNDc3Nn0=', '2017-02-02 03:23:58'), ('yk325tamywd2nn0bajfuit9e3njvzvsn', 'NjIwYjNiNWY2YTIxYjQ2MDkzMWM5MzY1YTA5YjhhOTkzODlhZDI3ODp7Il9zZXNzaW9uX2V4cGlyeSI6MCwiX2F1dGhfdXNlcl9iYWNrZW5kIjoiYWNjb3VudC5hdXRoX2JhY2tlbmRzLlVzZXJuYW1lQXV0aGVudGljYXRpb25CYWNrZW5kIiwicHJvamVjdF9pZCI6MSwiX2F1dGhfdXNlcl9oYXNoIjoiZGM3Y2IzZTdmZDhkZDQxZGVmZjFmMmRlMmE2NmUxNTBkMGJmMjFmMyIsIl9hdXRoX3VzZXJfaWQiOiIxIn0=', '2017-01-12 13:45:20'), ('yo22amsdv4zhfvzrxf03d1qb90pu37rn', 'OTNmZjE5NDEwYmY5YjJmNjc2OWFkMjA4MzNkNDk4NmU4MDYyNTYyZDp7ImFzc29jX2hhbmRsZSI6IntITUFDLVNIQTI1Nn17NTg4MDg3YjB9e0ZYVlVvdz09fSIsInByb2plY3RfaWQiOjEsIm1hY19rZXkiOiI4SXg5SjA4ZXEyb3N6RFczTnpVOERtY1B1bXlqZmFsUFhhZjJzN2VYakhvPSIsIl9hdXRoX3VzZXJfaWQiOiI1IiwiZXhwaXJlc19pbiI6IjEyMDk2MDAiLCJhc3NvY190eXBlIjoiSE1BQy1TSEEyNTYiLCJub2RlX2lkIjoiNyIsIl9hdXRoX3VzZXJfYmFja2VuZCI6ImFjY291bnQuYXV0aF9iYWNrZW5kcy5Vc2VybmFtZUF1dGhlbnRpY2F0aW9uQmFja2VuZCIsIl9hdXRoX3VzZXJfaGFzaCI6ImZjNmY1NGI2MDNhNmQ0YzE1M2U3YWI5MGRhZGNiNzNmNjFlOThmYjIiLCJzYXZlX3RpbWUiOjE0ODQ4MTgzNTIuNDQxNzQyfQ==', '2017-02-02 09:34:28'), ('yv3zzgdxm3d07fgwu3zbqx87iglc3x84', 'YTU4YmI1YTE5Njc5YjQwZGU5Y2EwOGFiOGI4MGE5YjYyNGRkMjZiNjp7ImFzc29jX2hhbmRsZSI6IntITUFDLVNIQTI1Nn17NTg4MGE5NmZ9e2FVSjJxQT09fSIsInByb2plY3RfaWQiOjEsIm1hY19rZXkiOiJxSDFJa21LbS8zZ1pjcVgrekNJaHliWWcvYW53YW9ibGRrRjR5S25xM293PSIsIl9hdXRoX3VzZXJfaWQiOiI1IiwiZXhwaXJlc19pbiI6IjEyMDk2MDAiLCJhc3NvY190eXBlIjoiSE1BQy1TSEEyNTYiLCJub2RlX2lkIjoiNyIsIl9hdXRoX3VzZXJfYmFja2VuZCI6ImFjY291bnQuYXV0aF9iYWNrZW5kcy5Vc2VybmFtZUF1dGhlbnRpY2F0aW9uQmFja2VuZCIsIl9hdXRoX3VzZXJfaGFzaCI6ImZjNmY1NGI2MDNhNmQ0YzE1M2U3YWI5MGRhZGNiNzNmNjFlOThmYjIiLCJzYXZlX3RpbWUiOjE0ODQ4MjY5OTEuODUzMTYxfQ==', '2017-02-02 11:57:52'), ('z0usoos428xtibz1hxo68zanmh5hr062', 'YjZjZDYyMTcwM2ZlNTJiMmM2MjgwMjQ4MTFlNzU2YmZiMDkwNTdmNDp7fQ==', '2017-01-22 04:26:51'), ('z166z71cswlg6bkzb0dyzb6vqlg64ru9', 'MDA4MDZlMzI5MDA1NWMyYWFkNjg3Njk0M2Y2Y2UwNTNkNDFiYWE5NDp7ImFzc29jX2hhbmRsZSI6IntITUFDLVNIQTI1Nn17NTg4NDkwNzJ9e09UVUZZZz09fSIsIl9hdXRoX3VzZXJfaGFzaCI6IjcyY2VjYWQ1NWI5MDU3Yjg3NGYwODg5YmVjZjFhZGM4YzIwZjE1ZWUiLCJtYWNfa2V5IjoiejJtZkRGNDZFMmx1S25yc0FhNWVDQkxNWXByYTNkMWtLMzVOYXVvbVk3dz0iLCJfYXV0aF91c2VyX2lkIjoiMyIsImV4cGlyZXNfaW4iOiIxMjA5NjAwIiwiYXNzb2NfdHlwZSI6IkhNQUMtU0hBMjU2IiwiX2F1dGhfdXNlcl9iYWNrZW5kIjoiYWNjb3VudC5hdXRoX2JhY2tlbmRzLlVzZXJuYW1lQXV0aGVudGljYXRpb25CYWNrZW5kIiwicHJvamVjdF9pZCI6IjQyIiwic2F2ZV90aW1lIjoxNDg1MDgyNzM4LjYwOTk4OH0=', '2017-02-05 11:54:55'), ('zhv1mrrgjty01yds2tesxxy4w3ov4zaa', 'ZmFhOWZkMTBmYWI3YWFhZTAzZTY2OGFjYzY3MzEwMGRjZDYzNmY3Yzp7Il9zZXNzaW9uX2V4cGlyeSI6MCwiX2F1dGhfdXNlcl9oYXNoIjoiZGM3Y2IzZTdmZDhkZDQxZGVmZjFmMmRlMmE2NmUxNTBkMGJmMjFmMyIsIl9hdXRoX3VzZXJfYmFja2VuZCI6ImFjY291bnQuYXV0aF9iYWNrZW5kcy5Vc2VybmFtZUF1dGhlbnRpY2F0aW9uQmFja2VuZCIsIl9hdXRoX3VzZXJfaWQiOiIxIn0=', '2017-01-18 09:33:35'), ('zs0c6y9c1sbl4lngevvrrhq6frhei1n1', 'MDgxOTdlYTdmZTBmZTI1ZWFmZDNhN2FmN2Q5OGNiZmRiMTg3OGM4Zjp7ImFzc29jX2hhbmRsZSI6IntITUFDLVNIQTI1Nn17NTg3Y2FhZTl9e1JsOUxiZz09fSIsIl9hdXRoX3VzZXJfaGFzaCI6IjBhZGNmNTVhOTVmNjY1Y2I5MTU3OTVhNzc4NDg3MTYzNTE3NjQ2OGQiLCJtYWNfa2V5IjoidWNCSkhvamVNRVg5bVFQV3pxVGhwZng0T002WkNHTTJyTWltNU41RHVTaz0iLCJfYXV0aF91c2VyX2lkIjoiNDQiLCJjdXJyZW50X3N0ZXBfaW5kZXgiOiJsYXN0IiwiZXhwaXJlc19pbiI6IjEyMDk2MDAiLCJhc3NvY190eXBlIjoiSE1BQy1TSEEyNTYiLCJub2RlX2lkIjoiNDkiLCJfYXV0aF91c2VyX2JhY2tlbmQiOiJhY2NvdW50LmF1dGhfYmFja2VuZHMuVXNlcm5hbWVBdXRoZW50aWNhdGlvbkJhY2tlbmQiLCJwcm9qZWN0X2lkIjoxLCJzYXZlX3RpbWUiOjE0ODQ1NjUyMjUuMjc5MDMzfQ==', '2017-01-30 11:14:53'), ('zvtdqf9xg3lptboy2guo0sfwfuh1oqa8', 'YjZjZDYyMTcwM2ZlNTJiMmM2MjgwMjQ4MTFlNzU2YmZiMDkwNTdmNDp7fQ==', '2017-01-19 07:27:07'), ('zychitjt8fzbzraeu3ksuftig707s8jw', 'YWQyZGQzYWM1OTQyNzZmNmFlMzMxOTg2MmYxODhlYmIzNDMwN2M3MTp7ImFzc29jX2hhbmRsZSI6IntITUFDLVNIQTI1Nn17NTg4NTYyODF9e3N0YzhFZz09fSIsIl9hdXRoX3VzZXJfaGFzaCI6ImY1MWNjMjhkMTdkZDViYjYxZTA3Yzc2YWMxMTQwYWM1ODMzYzc0YTUiLCJfYXV0aF91c2VyX2lkIjoiNCIsIm1hY19rZXkiOiJjUFNTVTVnMmxHRlNKcjJqUTVwTHFUL01VYXQxaitmbFJ2ZVQ3UlF5Ri8wPSIsImV4cGlyZXNfaW4iOiIxMjA5NjAwIiwiYXNzb2NfdHlwZSI6IkhNQUMtU0hBMjU2Iiwibm9kZV9pZCI6IjgiLCJfYXV0aF91c2VyX2JhY2tlbmQiOiJhY2NvdW50LmF1dGhfYmFja2VuZHMuVXNlcm5hbWVBdXRoZW50aWNhdGlvbkJhY2tlbmQiLCJwcm9qZWN0X2lkIjoxLCJzYXZlX3RpbWUiOjE0ODUxMzY1MTMuODc3NTI4fQ==', '2017-02-06 03:32:41');
INSERT INTO `django_session` VALUES ('zzqwvse8ompefvy2tvag2b7en2kt3aac', 'OGMyNTM1MTgwNWNkMWJmNWI0ODJmNWQ4NjVkNmZjMzljMDA3ODg1ODp7InByb2plY3RfaWQiOjF9', '2017-01-22 05:00:31');
COMMIT;

-- ----------------------------
--  Table structure for `django_site`
-- ----------------------------
DROP TABLE IF EXISTS `django_site`;
CREATE TABLE `django_site` (
  `id` int(11) NOT NULL AUTO_INCREMENT,
  `domain` varchar(100) NOT NULL,
  `name` varchar(50) NOT NULL,
  PRIMARY KEY (`id`)
) ENGINE=InnoDB AUTO_INCREMENT=3 DEFAULT CHARSET=utf8;

-- ----------------------------
--  Records of `django_site`
-- ----------------------------
BEGIN;
INSERT INTO `django_site` VALUES ('1', 'localhost:8000', '接口自动化测试平台'), ('2', 'example.com', 'example.com');
COMMIT;

-- ----------------------------
--  Table structure for `eventlog_log`
-- ----------------------------
DROP TABLE IF EXISTS `eventlog_log`;
CREATE TABLE `eventlog_log` (
  `id` int(11) NOT NULL AUTO_INCREMENT,
  `timestamp` datetime NOT NULL,
  `action` varchar(50) NOT NULL,
  `extra` longtext NOT NULL,
  `user_id` int(11) DEFAULT NULL,
  `content_type_id` int(11) DEFAULT NULL,
  `object_id` int(10) unsigned DEFAULT NULL,
  PRIMARY KEY (`id`),
  KEY `eventlog_log_user_id_39bdb8aa_fk_auth_user_id` (`user_id`),
  KEY `eventlog_log_d7e6d55b` (`timestamp`),
  KEY `eventlog_log_418c5509` (`action`),
  KEY `eventlog_log_417f1b1c` (`content_type_id`),
  CONSTRAINT `eventlog_log_content_type_id_45c59887_fk_django_content_type_id` FOREIGN KEY (`content_type_id`) REFERENCES `django_content_type` (`id`),
  CONSTRAINT `eventlog_log_user_id_39bdb8aa_fk_auth_user_id` FOREIGN KEY (`user_id`) REFERENCES `auth_user` (`id`)
) ENGINE=InnoDB AUTO_INCREMENT=133 DEFAULT CHARSET=utf8;

-- ----------------------------
--  Records of `eventlog_log`
-- ----------------------------
BEGIN;
INSERT INTO `eventlog_log` VALUES ('1', '2016-12-06 02:28:20', 'USER_LOGGED_IN', '{}', '3', null, null), ('2', '2016-12-06 03:08:45', 'USER_LOGGED_IN', '{}', '5', null, null), ('3', '2016-12-06 06:38:48', 'USER_LOGGED_IN', '{}', '5', null, null), ('4', '2016-12-07 01:43:11', 'USER_LOGGED_IN', '{}', '3', null, null), ('5', '2016-12-07 01:45:02', 'USER_LOGGED_IN', '{}', '3', null, null), ('6', '2016-12-07 01:47:42', 'USER_LOGGED_IN', '{}', '4', null, null), ('7', '2016-12-07 12:05:40', 'USER_LOGGED_IN', '{}', '3', null, null), ('8', '2016-12-08 02:33:17', 'USER_LOGGED_IN', '{}', '3', null, null), ('9', '2016-12-08 03:04:48', 'USER_LOGGED_IN', '{}', '1', null, null), ('10', '2016-12-09 10:54:12', 'USER_LOGGED_IN', '{}', '1', null, null), ('11', '2016-12-10 02:35:24', 'LOGIN_ATTEMPTED', '{\"username\":\"admin\",\"result\":false}', null, null, null), ('12', '2016-12-10 02:35:28', 'USER_LOGGED_IN', '{}', '1', null, null), ('13', '2016-12-10 07:46:36', 'USER_LOGGED_IN', '{}', '1', null, null), ('14', '2016-12-12 01:36:54', 'LOGIN_ATTEMPTED', '{\"username\":\"admin\",\"result\":false}', null, null, null), ('15', '2016-12-12 01:36:58', 'USER_LOGGED_IN', '{}', '1', null, null), ('16', '2016-12-12 01:39:00', 'USER_LOGGED_IN', '{}', '1', null, null), ('17', '2016-12-12 02:04:24', 'USER_LOGGED_IN', '{}', '1', null, null), ('18', '2016-12-12 02:32:27', 'USER_LOGGED_IN', '{}', '1', null, null), ('19', '2016-12-13 01:42:51', 'USER_LOGGED_IN', '{}', '1', null, null), ('20', '2016-12-13 03:45:34', 'USER_LOGGED_IN', '{}', '1', null, null), ('21', '2016-12-13 06:01:49', 'USER_LOGGED_IN', '{}', '3', null, null), ('22', '2016-12-13 06:02:32', 'USER_LOGGED_IN', '{}', '1', null, null), ('23', '2016-12-13 07:35:33', 'LOGIN_ATTEMPTED', '{\"username\":\"yixin.wumenghui\",\"result\":false}', null, null, null), ('24', '2016-12-13 07:35:39', 'USER_LOGGED_IN', '{}', '3', null, null), ('25', '2016-12-13 07:35:58', 'USER_LOGGED_IN', '{}', '1', null, null), ('26', '2016-12-13 09:09:46', 'USER_LOGGED_IN', '{}', '1', null, null), ('27', '2016-12-13 12:32:37', 'LOGIN_ATTEMPTED', '{\"username\":\"yixin\",\"result\":false}', null, null, null), ('28', '2016-12-13 12:32:48', 'USER_LOGGED_IN', '{}', '3', null, null), ('29', '2016-12-13 12:41:31', 'USER_LOGGED_IN', '{}', '1', null, null), ('30', '2016-12-14 02:00:31', 'USER_LOGGED_IN', '{}', '1', null, null), ('31', '2016-12-14 06:53:56', 'USER_LOGGED_IN', '{}', '1', null, null), ('32', '2016-12-14 12:14:39', 'USER_LOGGED_IN', '{}', '3', null, null), ('33', '2016-12-14 12:14:53', 'USER_LOGGED_IN', '{}', '1', null, null), ('34', '2016-12-15 01:45:23', 'USER_LOGGED_IN', '{}', '1', null, null), ('35', '2016-12-15 09:29:36', 'USER_LOGGED_IN', '{}', '1', null, null), ('36', '2016-12-15 09:31:08', 'USER_LOGGED_IN', '{}', '1', null, null), ('37', '2016-12-15 09:31:09', 'USER_LOGGED_IN', '{}', '1', null, null), ('38', '2016-12-15 09:36:06', 'USER_SIGNED_UP', '{}', '6', null, null), ('39', '2016-12-15 09:40:07', 'USER_LOGGED_IN', '{}', '6', null, null), ('40', '2016-12-15 09:57:40', 'USER_LOGGED_IN', '{}', '1', null, null), ('41', '2016-12-15 12:33:39', 'USER_LOGGED_IN', '{}', '1', null, null), ('42', '2016-12-16 02:20:14', 'USER_LOGGED_IN', '{}', '1', null, null), ('43', '2016-12-16 02:49:37', 'USER_LOGGED_IN', '{}', '1', null, null), ('44', '2016-12-19 02:43:41', 'USER_LOGGED_IN', '{}', '1', null, null), ('45', '2016-12-19 07:45:33', 'USER_LOGGED_IN', '{}', '3', null, null), ('46', '2016-12-19 07:45:46', 'USER_LOGGED_IN', '{}', '1', null, null), ('47', '2016-12-20 02:46:59', 'USER_LOGGED_IN', '{}', '1', null, null), ('48', '2016-12-20 07:13:05', 'USER_LOGGED_IN', '{}', '1', null, null), ('49', '2016-12-21 02:52:59', 'USER_LOGGED_IN', '{}', '1', null, null), ('50', '2016-12-22 02:15:44', 'USER_LOGGED_IN', '{}', '1', null, null), ('51', '2016-12-22 02:43:13', 'USER_LOGGED_IN', '{}', '1', null, null), ('52', '2016-12-22 06:40:53', 'USER_LOGGED_IN', '{}', '1', null, null), ('53', '2016-12-22 08:03:20', 'LOGIN_ATTEMPTED', '{\"username\":\"\",\"result\":false}', null, null, null), ('54', '2016-12-22 08:03:27', 'LOGIN_ATTEMPTED', '{\"username\":\"\",\"result\":false}', null, null, null), ('55', '2016-12-23 01:57:04', 'LOGIN_ATTEMPTED', '{\"username\":\"\",\"result\":false}', null, null, null), ('56', '2016-12-23 01:57:11', 'USER_LOGGED_IN', '{}', '1', null, null), ('57', '2016-12-24 01:39:04', 'USER_LOGGED_IN', '{}', '1', null, null), ('58', '2016-12-26 08:17:22', 'USER_LOGGED_IN', '{}', '1', null, null), ('59', '2016-12-27 02:06:58', 'USER_LOGGED_IN', '{}', '1', null, null), ('60', '2016-12-27 12:15:10', 'USER_LOGGED_IN', '{}', '1', null, null), ('61', '2016-12-28 10:48:46', 'USER_LOGGED_IN', '{}', '1', null, null), ('62', '2016-12-28 11:14:07', 'USER_SIGNED_UP', '{}', '7', null, null), ('63', '2016-12-28 11:27:27', 'USER_LOGGED_IN', '{}', '1', null, null), ('64', '2016-12-28 11:31:03', 'SIGNUP_ATTEMPTED', '{\"username\":\"user111\",\"email\":\"\",\"result\":false}', null, null, null), ('65', '2016-12-28 11:31:27', 'USER_SIGNED_UP', '{}', '8', null, null), ('66', '2016-12-28 12:53:52', 'USER_LOGGED_IN', '{}', '1', null, null), ('67', '2016-12-29 01:54:28', 'USER_LOGGED_IN', '{}', '1', null, null), ('68', '2016-12-29 01:55:10', 'USER_LOGGED_IN', '{}', '1', null, null), ('69', '2016-12-29 02:11:51', 'USER_LOGGED_IN', '{}', '1', null, null), ('70', '2016-12-29 02:14:02', 'USER_LOGGED_IN', '{}', '1', null, null), ('71', '2016-12-29 02:17:04', 'USER_LOGGED_IN', '{}', '1', null, null), ('72', '2016-12-29 05:55:54', 'LOGIN_ATTEMPTED', '{\"username\":\"admin\",\"result\":false}', null, null, null), ('73', '2016-12-29 05:55:58', 'USER_LOGGED_IN', '{}', '1', null, null), ('74', '2016-12-29 05:58:43', 'USER_LOGGED_IN', '{}', '1', null, null), ('75', '2016-12-29 06:05:19', 'USER_LOGGED_IN', '{}', '1', null, null), ('76', '2016-12-29 06:31:38', 'USER_LOGGED_IN', '{}', '1', null, null), ('77', '2016-12-29 07:03:20', 'USER_LOGGED_IN', '{}', '1', null, null), ('78', '2016-12-29 07:03:55', 'USER_LOGGED_IN', '{}', '1', null, null), ('79', '2016-12-29 07:05:39', 'USER_LOGGED_IN', '{}', '1', null, null), ('80', '2016-12-29 07:05:51', 'LOGIN_ATTEMPTED', '{\"username\":\"\",\"result\":false}', null, null, null), ('81', '2016-12-29 07:05:52', 'LOGIN_ATTEMPTED', '{\"username\":\"\",\"result\":false}', null, null, null), ('82', '2016-12-29 07:05:53', 'LOGIN_ATTEMPTED', '{\"username\":\"\",\"result\":false}', null, null, null), ('83', '2016-12-29 07:05:53', 'LOGIN_ATTEMPTED', '{\"username\":\"\",\"result\":false}', null, null, null), ('84', '2016-12-29 07:07:22', 'USER_LOGGED_IN', '{}', '1', null, null), ('85', '2016-12-29 07:10:30', 'SIGNUP_ATTEMPTED', '{\"username\":\"user000\",\"email\":\"user111@yixin.im\",\"result\":false}', null, null, null), ('86', '2016-12-29 07:10:38', 'SIGNUP_ATTEMPTED', '{\"username\":\"user000\",\"email\":\"user000@yixin.im\",\"result\":false}', null, null, null), ('87', '2016-12-29 07:10:44', 'USER_SIGNED_UP', '{}', '9', null, null), ('88', '2016-12-29 08:51:02', 'USER_LOGGED_IN', '{}', '1', null, null), ('89', '2016-12-29 12:54:35', 'USER_LOGGED_IN', '{}', '1', null, null), ('90', '2016-12-29 13:05:31', 'USER_LOGGED_IN', '{}', '1', null, null), ('91', '2016-12-29 13:27:26', 'USER_LOGGED_IN', '{}', '1', null, null), ('92', '2016-12-30 01:36:58', 'USER_LOGGED_IN', '{}', '1', null, null), ('93', '2016-12-30 05:55:57', 'USER_LOGGED_IN', '{}', '1', null, null), ('94', '2016-12-30 07:04:33', 'USER_LOGGED_IN', '{}', '1', null, null), ('95', '2017-01-03 07:25:57', 'LOGIN_ATTEMPTED', '{\"username\":\"admin\",\"result\":false}', null, null, null), ('96', '2017-01-03 07:26:00', 'USER_LOGGED_IN', '{}', '1', null, null), ('97', '2017-01-04 03:34:18', 'USER_LOGGED_IN', '{}', '1', null, null), ('98', '2017-01-04 07:15:59', 'USER_LOGGED_IN', '{}', '1', null, null), ('99', '2017-01-04 07:40:08', 'LOGIN_ATTEMPTED', '{\"username\":\"\",\"result\":false}', null, null, null), ('100', '2017-01-04 08:14:48', 'USER_LOGGED_IN', '{}', '1', null, null), ('101', '2017-01-04 08:39:10', 'LOGIN_ATTEMPTED', '{\"username\":\"\",\"result\":false}', null, null, null), ('102', '2017-01-04 09:33:35', 'USER_LOGGED_IN', '{}', '1', null, null), ('103', '2017-01-05 02:08:42', 'USER_LOGGED_IN', '{}', '1', null, null), ('104', '2017-01-06 02:02:24', 'USER_LOGGED_IN', '{}', '1', null, null), ('105', '2017-01-06 02:08:16', 'USER_LOGGED_IN', '{}', '1', null, null), ('106', '2017-01-06 02:43:16', 'LOGIN_ATTEMPTED', '{\"username\":\"df\",\"result\":false}', null, null, null), ('107', '2017-01-06 02:43:26', 'LOGIN_ATTEMPTED', '{\"username\":\"hzchenyazhi\",\"result\":false}', null, null, null), ('108', '2017-01-06 02:50:36', 'SIGNUP_ATTEMPTED', '{\"username\":\"\\u9648\\u96c5\\u5fd7\",\"email\":\"chen_yazhi@163.com\",\"result\":false}', null, null, null), ('109', '2017-01-06 02:50:44', 'SIGNUP_ATTEMPTED', '{\"username\":\"\\u9648\\u96c5\\u5fd7\",\"email\":\"chen_yazhi@163.com\",\"result\":false}', null, null, null), ('110', '2017-01-06 02:51:05', 'USER_SIGNED_UP', '{}', '10', null, null), ('111', '2017-01-06 03:02:22', 'USER_LOGGED_IN', '{}', '1', null, null), ('112', '2017-01-06 05:42:08', 'LOGIN_ATTEMPTED', '{\"username\":\"hzbaoyongming\",\"result\":false}', null, null, null), ('113', '2017-01-06 05:42:45', 'USER_SIGNED_UP', '{}', '11', null, null), ('114', '2017-01-06 05:58:43', 'SIGNUP_ATTEMPTED', '{\"username\":\"xjye\",\"email\":\"\",\"result\":false}', null, null, null), ('115', '2017-01-06 05:59:06', 'USER_SIGNED_UP', '{}', '12', null, null), ('116', '2017-01-06 06:09:16', 'USER_SIGNED_UP', '{}', '13', null, null), ('117', '2017-01-06 06:14:23', 'SIGNUP_ATTEMPTED', '{\"username\":\"abc\",\"email\":\"\",\"result\":false}', null, null, null), ('118', '2017-01-06 06:14:33', 'SIGNUP_ATTEMPTED', '{\"username\":\"abc\",\"email\":\"dd\",\"result\":false}', null, null, null), ('119', '2017-01-06 07:07:57', 'USER_LOGGED_IN', '{}', '1', null, null), ('120', '2017-01-06 07:28:51', 'USER_LOGGED_IN', '{}', '1', null, null), ('121', '2017-01-08 05:12:36', 'LOGIN_ATTEMPTED', '{\"username\":\"yixin.sunningning\",\"result\":false}', null, null, null), ('122', '2017-01-08 05:12:43', 'LOGIN_ATTEMPTED', '{\"username\":\"yixin.sunningning\",\"result\":false}', null, null, null), ('123', '2017-01-08 05:12:55', 'LOGIN_ATTEMPTED', '{\"username\":\"yixin.sunningning\",\"result\":false}', null, null, null), ('124', '2017-01-18 06:01:10', 'USER_LOGGED_IN', '{}', '1', null, null), ('125', '2017-01-18 12:48:23', 'USER_LOGGED_IN', '{}', '3', null, null), ('126', '2017-01-21 05:36:49', 'USER_LOGGED_IN', '{}', '1', null, null), ('127', '2017-01-21 06:33:40', 'USER_LOGGED_IN', '{}', '1', null, null), ('128', '2017-01-21 06:39:30', 'USER_LOGGED_IN', '{}', '1', null, null), ('129', '2017-01-22 07:49:28', 'USER_LOGGED_IN', '{}', '3', null, null), ('130', '2017-01-23 03:33:12', 'USER_LOGGED_IN', '{}', '1', null, null), ('131', '2017-02-06 01:49:47', 'USER_LOGGED_IN', '{}', '3', null, null), ('132', '2017-02-07 07:12:26', 'USER_LOGGED_IN', '{}', '3', null, null);
COMMIT;

-- ----------------------------
--  Table structure for `interface_platform_directorytree`
-- ----------------------------
DROP TABLE IF EXISTS `interface_platform_directorytree`;
CREATE TABLE `interface_platform_directorytree` (
  `id` int(11) NOT NULL AUTO_INCREMENT,
  `parent` int(11) NOT NULL,
  `name` varchar(254) NOT NULL,
  `key` varchar(100) NOT NULL,
  `level` int(11) NOT NULL,
  `project_id` int(11) NOT NULL,
  PRIMARY KEY (`id`),
  KEY `interface_p_project_id_4855b441_fk_interface_platform_project_id` (`project_id`),
  CONSTRAINT `interface_p_project_id_4855b441_fk_interface_platform_project_id` FOREIGN KEY (`project_id`) REFERENCES `interface_platform_project` (`id`)
) ENGINE=InnoDB AUTO_INCREMENT=163 DEFAULT CHARSET=utf8;

-- ----------------------------
--  Records of `interface_platform_directorytree`
-- ----------------------------
BEGIN;
INSERT INTO `interface_platform_directorytree` VALUES ('1', '0', '用例集1', '1', '1', '1'), ('3', '1', 'Web功能B', '1', '2', '1'), ('4', '1', '后台功能C', '1', '2', '1'), ('7', '3', '用例1', '0', '3', '1'), ('8', '4', '用例1', '0', '3', '1'), ('9', '4', '用例2', '0', '3', '1'), ('10', '0', '项目2的目录树', '1', '1', '2'), ('29', '4', '新建用例', '0', '3', '1'), ('36', '0', 'ggg', '1', '1', '33'), ('37', '36', '新建文件夹', '1', '2', '33'), ('38', '36', '新建用例', '0', '2', '33'), ('40', '0', '一样一样', '1', '1', '35'), ('41', '40', '新建用例', '0', '2', '35'), ('42', '0', '急急急', '1', '1', '36'), ('43', '42', '新建用例', '0', '2', '36'), ('44', '42', '新建文件夹', '1', '2', '36'), ('45', '44', '新建用例', '0', '3', '36'), ('46', '4', '新建文件夹', '1', '3', '1'), ('50', '0', '新建文件夹', '1', '0', '1'), ('51', '50', '新建文件夹', '1', '1', '1'), ('54', '0', '新建文件夹', '1', '0', '1'), ('55', '0', '新建文件夹', '1', '0', '37'), ('56', '55', '新建文件夹', '1', '1', '37'), ('57', '0', '新建文件夹1', '1', '0', '2'), ('58', '0', '新建文件夹1', '1', '0', '2'), ('59', '0', '新建文件夹1', '1', '0', '2'), ('60', '57', '用例a', '0', '1', '2'), ('61', '57', '用例b', '0', '1', '2'), ('63', '57', '用例a1234567890-----', '0', '1', '2'), ('65', '0', '新建文件夹ewer', '1', '0', '39'), ('66', '65', '新建用例', '0', '1', '39'), ('70', '54', '新建用例', '0', '1', '1'), ('74', '56', '新建文件夹', '1', '2', '37'), ('75', '74', '新建文件夹', '1', '3', '37'), ('76', '75', '新建文件夹', '1', '4', '37'), ('77', '76', '新建文件夹xxc', '1', '5', '37'), ('78', '0', '新建文件夹xc', '1', '0', '37'), ('79', '78', '新建文件夹cx', '1', '1', '37'), ('80', '78', '新建文件夹cxc', '1', '1', '37'), ('81', '80', '新建用例', '0', '2', '37'), ('82', '80', '新建用例', '0', '2', '37'), ('83', '80', '新建用例', '0', '2', '37'), ('84', '80', '新建用例', '0', '2', '37'), ('85', '78', '新建文件夹', '1', '1', '37'), ('86', '78', '新建文件夹', '1', '1', '37'), ('87', '86', '新建文件夹', '1', '2', '37'), ('88', '86', '新建文件夹', '1', '2', '37'), ('89', '3', '新建用例0', '0', '3', '1'), ('90', '3', '新建用例1', '0', '3', '1'), ('91', '3', '新建用例2', '0', '3', '1'), ('98', '0', '98', '1', '0', '38'), ('104', '44', '新建文件夹a', '1', '3', '36'), ('105', '104', '新建文件夹', '1', '4', '36'), ('106', '105', '新建文件夹', '1', '5', '36'), ('107', '106', '新建文件夹', '1', '6', '36'), ('108', '107', '新建文件夹', '1', '7', '36'), ('118', '54', '新建用例0456', '0', '1', '1'), ('119', '54', '新建文件夹', '1', '1', '1'), ('120', '4', '新建文件夹', '1', '3', '1'), ('121', '0', '测试项目1', '1', '0', '42'), ('122', '121', '功能集1', '1', '1', '42'), ('123', '122', '新建用例1', '0', '2', '42'), ('125', '119', '新建文件夹', '1', '2', '1'), ('126', '118', '新建文件夹', '1', '2', '1'), ('127', '125', '新建文件夹', '1', '3', '1'), ('131', '125', '新建用例', '0', '3', '1'), ('132', '131', '新建用例', '0', '4', '1'), ('134', '132', '新建文件夹', '1', '5', '1'), ('135', '134', '新建用例', '0', '6', '1'), ('136', '135', '新建用例', '0', '7', '1'), ('137', '136', '新建文件夹', '1', '8', '1'), ('138', '137', '新建用例', '0', '9', '1'), ('139', '138', '新建用例', '0', '10', '1'), ('140', '132', '新建用例', '0', '5', '1'), ('141', '135', '新建用例', '0', '7', '1'), ('142', '135', '新建用例', '0', '7', '1'), ('143', '134', '新建用例', '0', '6', '1'), ('144', '0', '新建文件夹', '1', '0', '1'), ('145', '70', '新建用例', '0', '2', '1'), ('146', '0', '新建文件夹', '1', '0', '41'), ('147', '146', '新建用例', '0', '1', '41'), ('148', '146', '新建用例', '0', '1', '41'), ('149', '0', '提供给客户端的页面', '1', '0', '43'), ('150', '0', '电话会议管理后台', '1', '0', '43'), ('151', '0', '电话会议表设计', '1', '0', '43'), ('153', '0', '大后台-电话会议部分', '1', '0', '43'), ('154', '0', '提供给企业邮的接口', '1', '0', '43'), ('155', '0', '提供给会议通的接口', '1', '0', '43'), ('156', '153', '企业管理', '1', '1', '43'), ('157', '156', '入口（同步）', '0', '2', '43'), ('160', '0', '新建文件夹', '1', '0', '44'), ('161', '160', '新建用例', '0', '1', '44'), ('162', '150', '新建文件夹', '1', '1', '43');
COMMIT;

-- ----------------------------
--  Table structure for `interface_platform_itbody`
-- ----------------------------
DROP TABLE IF EXISTS `interface_platform_itbody`;
CREATE TABLE `interface_platform_itbody` (
  `id` int(11) NOT NULL AUTO_INCREMENT,
  `name` varchar(100) NOT NULL,
  `body_format` smallint(6) NOT NULL,
  `type` varchar(50) NOT NULL,
  `desc` varchar(254) DEFAULT NULL,
  `value` longtext NOT NULL,
  `upload_file` varchar(100) DEFAULT NULL,
  `it_id` int(11) NOT NULL,
  `body_type` smallint(6) NOT NULL,
  PRIMARY KEY (`id`),
  KEY `interface_pl_it_id_2fc68801_fk_interface_platform_itstatement_id` (`it_id`),
  CONSTRAINT `interface_pl_it_id_2fc68801_fk_interface_platform_itstatement_id` FOREIGN KEY (`it_id`) REFERENCES `interface_platform_itstatement` (`id`)
) ENGINE=InnoDB AUTO_INCREMENT=146 DEFAULT CHARSET=utf8;

-- ----------------------------
--  Records of `interface_platform_itbody`
-- ----------------------------
BEGIN;
INSERT INTO `interface_platform_itbody` VALUES ('3', 'code', '3', 'Int', null, '200', '', '1', '2'), ('7', 'gg', '1', 'GlobalVar', 'None', 'hh', '', '7', '0'), ('15', 'lll', '1', 'Text', 'kkk', 'lll', '', '7', '1'), ('16', 'recode', '1', 'Text', '返回码', '200', '', '7', '1'), ('69', 'hhh', '3', 'Text', 'hhh', 'hhh', '', '9', '0'), ('77', '122', '3', 'Text', '222', '222', '', '11', '0'), ('113', 'code', '3', 'Text', '', '200', '', '21', '1'), ('114', 'account', '3', 'Text', '', 'numen_dev@163.com', '', '21', '0'), ('115', 'password', '3', 'Text', '', 'Admin123', '', '21', '0'), ('116', '11', '3', 'GlobalVar', '', 'account', '', '1', '1'), ('117', 'conferenceCompany', '3', 'Text', '', '电话会议企业信息', '', '24', '1'), ('118', 'manageType', '3', 'Text', '', 'manage|cropmail-manage', '', '24', '1'), ('119', 'currentPage', '3', 'Text', '必须，当前分页', '1', '', '25', '0'), ('120', 'code', '3', 'Text', '', '200', '', '26', '1'), ('121', 'currentPage', '3', 'Text', '必须，分页偏移量，0开始', '0', '', '26', '0'), ('122', 'pageSize', '3', 'Text', '必须，每页大小，默认20', '20', '', '26', '0'), ('123', 'pageSize', '3', 'Text', '必须，每页大小', '20', '', '25', '0'), ('124', 'query', '3', 'Text', '非必须，查询值', '1', '', '25', '0'), ('125', 'minMinutes', '3', 'Text', '非必须，查询的累计使用时长分钟数 必须大于0 该查询字段和query字段查询互斥', '10', '', '25', '0'), ('126', 'total', '3', 'Text', '必须，总数', '60', '', '25', '1'), ('127', 'list', '3', 'Text', '非必须，当前页数据：电话会议企业信息集合', '1', '', '25', '1'), ('128', 'domain', '3', 'Text', '', 'juzi.com', '', '27', '0'), ('129', 'companyId', '3', 'Text', '必须，企业id', '3212', '', '27', '1'), ('130', 'companyName', '3', 'Text', '必须，企业名称', 'juzi', '', '27', '1'), ('131', 'companyDomain', '3', 'Text', '必须，企业主域名', 'juzi.com', '', '27', '1'), ('132', 'companyType', '3', 'Text', '必须，企业类型', '1', '', '27', '1'), ('133', 'tsn', '3', 'Text', '必须，交易流水号（订单号）', '123456', '', '27', '1'), ('134', 'type', '3', 'Text', '必须，类型（1：充值；2：冲账；）', '1', '', '27', '1'), ('135', 'chargeTime', '3', 'Text', '必须，充值时间ms', '1475033871085', '', '27', '1'), ('136', 'minutes', '3', 'Text', '必须，充值时长', '60', '', '27', '1'), ('137', 'totalReverseMinutes', '3', 'Text', '非必须，该充值记录对应的累积冲账时长', '120', '', '27', '1'), ('138', 'channel', '3', 'Text', '必须，充值方式（1：官方购买充值；2：官方人工赠送；3：官方注册赠送；4：企业邮经销商；）', '1', '', '27', '1'), ('139', 'operatorUid', '3', 'Text', '必须，操作人员id', '001', '', '27', '1'), ('140', 'operatorEmail', '3', 'Text', '必须，操作人员Email', '001@163.com', '', '27', '1'), ('141', 'remark', '3', 'Text', '必须，备注', '0', '', '27', '1'), ('142', 'attachment', '3', 'File', '非必须，财务凭证文件（json格式，{\"doc1\":\"\",\"doc2\":\"\"}）', '\"doc1\":\"\"', '', '27', '1'), ('143', 'attachmentObject', '3', 'Text', '非必须，财务凭证文件（json格式，{\"doc1\":\"\",\"doc2\":\"\"}）', '\"doc1\":\"\"', '', '27', '1'), ('144', 'reverseTsn', '3', 'Text', '非必须，冲帐对应充值订单', '1', '', '27', '1'), ('145', 'reverseRemainingMinutes', '3', 'Text', '非必须，冲账后企业剩余分钟数', '60', '', '27', '1');
COMMIT;

-- ----------------------------
--  Table structure for `interface_platform_itheader`
-- ----------------------------
DROP TABLE IF EXISTS `interface_platform_itheader`;
CREATE TABLE `interface_platform_itheader` (
  `id` int(11) NOT NULL AUTO_INCREMENT,
  `name` varchar(100) NOT NULL,
  `value` varchar(254) NOT NULL,
  `type` varchar(10) DEFAULT NULL,
  `desc` varchar(254) DEFAULT NULL,
  `it_id` int(11) NOT NULL,
  `header_type` smallint(6) NOT NULL,
  PRIMARY KEY (`id`),
  KEY `interface_pl_it_id_10388ee4_fk_interface_platform_itstatement_id` (`it_id`),
  CONSTRAINT `interface_pl_it_id_10388ee4_fk_interface_platform_itstatement_id` FOREIGN KEY (`it_id`) REFERENCES `interface_platform_itstatement` (`id`)
) ENGINE=InnoDB AUTO_INCREMENT=51 DEFAULT CHARSET=utf8;

-- ----------------------------
--  Records of `interface_platform_itheader`
-- ----------------------------
BEGIN;
INSERT INTO `interface_platform_itheader` VALUES ('1', 'Set-Cookie', 'qwecookie', null, null, '1', '2'), ('2', 'Accept', 'application/json', null, '', '3', '1'), ('3', 'Content-Type', 'application/x-www-form-urlencoded', null, '', '3', '1'), ('4', 'uid', '', null, '', '3', '1'), ('5', 'Cookie', 'cookie', 'GlobalVar', '', '3', '1'), ('6', 'n1', 'v1', null, '', '7', '1'), ('8', 'nn', 'vv', null, 'dd', '7', '0'), ('31', 'uid', '0', null, '', '8', '0'), ('40', 'Set-Cookie', 'qwecookie', 'text', '', '21', '1'), ('44', 'Accept', 'application/json', 'text', '', '20', '0'), ('45', 'Content-Type', 'application/x-www-form-urlencoded', 'text', '', '20', '0'), ('47', 'Cookie', 'cookie', 'GlobalVar', '', '20', '0');
COMMIT;

-- ----------------------------
--  Table structure for `interface_platform_itlog`
-- ----------------------------
DROP TABLE IF EXISTS `interface_platform_itlog`;
CREATE TABLE `interface_platform_itlog` (
  `id` int(11) NOT NULL AUTO_INCREMENT,
  `it_id` int(11) NOT NULL,
  `name` varchar(100) NOT NULL,
  `timestamp` datetime(6) NOT NULL,
  `log_path` varchar(254) NOT NULL,
  PRIMARY KEY (`id`),
  KEY `inte_it_id_13d92835ef3870e4_fk_interface_platform_itstatement_id` (`it_id`),
  CONSTRAINT `inte_it_id_13d92835ef3870e4_fk_interface_platform_itstatement_id` FOREIGN KEY (`it_id`) REFERENCES `interface_platform_itstatement` (`id`)
) ENGINE=InnoDB AUTO_INCREMENT=131 DEFAULT CHARSET=utf8;

-- ----------------------------
--  Records of `interface_platform_itlog`
-- ----------------------------
BEGIN;
INSERT INTO `interface_platform_itlog` VALUES ('1', '11', '2017-01-20 09:50:12.521402.log', '2017-01-20 01:50:12.523581', '/Users/netease/Documents/hzdonghao/master_interface_platform/interface_platform/log/2017-01-20 09:50:12.521402.log'), ('2', '1', '2017-01-20 11:01:22.870486.log', '2017-01-20 03:01:22.872771', '/Users/netease/Documents/hzdonghao/master_interface_platform/interface_platform/log/2017-01-20 11:01:22.870486.log'), ('3', '11', '2017-01-20 14:43:47.120965.log', '2017-01-20 06:43:47.123181', '/Users/netease/Documents/hzdonghao/master_interface_platform/interface_platform/log/2017-01-20 14:43:47.120965.log'), ('10', '1', '2017-01-20 16:06:36.169105.log', '2017-01-20 08:06:36.171139', '/Users/netease/Documents/hzdonghao/master_interface_platform/interface_platform/log/2017-01-20 16:06:36.169105.log'), ('11', '1', '2017-01-21 14:31:19.133590.log', '2017-01-21 06:31:19.160118', '/Users/netease/Documents/hzdonghao/master_interface_platform/interface_platform/log/2017-01-21 14:31:19.133590.log'), ('12', '1', '2017-01-21 14:45:56.726718.log', '2017-01-21 06:45:56.750286', '/Users/netease/Documents/hzdonghao/master_interface_platform/interface_platform/log/2017-01-21 14:45:56.726718.log'), ('13', '1', '2017-01-22 09:56:02.203131.log', '2017-01-22 01:56:02.205182', '/Users/netease/Documents/hzdonghao/master_interface_platform/interface_platform/log/2017-01-22 09:56:02.203131.log'), ('14', '20', '2017-01-22 10:42:12.852426.log', '2017-01-22 02:42:12.900130', '/Users/netease/Documents/hzdonghao/master_interface_platform/interface_platform/log/2017-01-22 10:42:12.852426.log'), ('15', '20', '2017-01-22 10:42:20.262160.log', '2017-01-22 02:42:20.264167', '/Users/netease/Documents/hzdonghao/master_interface_platform/interface_platform/log/2017-01-22 10:42:20.262160.log'), ('16', '20', '2017-01-22 10:42:59.374093.log', '2017-01-22 02:42:59.376182', '/Users/netease/Documents/hzdonghao/master_interface_platform/interface_platform/log/2017-01-22 10:42:59.374093.log'), ('17', '1', '2017-01-22 10:44:45.208493.log', '2017-01-22 02:44:45.211603', '/Users/netease/Documents/hzdonghao/master_interface_platform/interface_platform/log/2017-01-22 10:44:45.208493.log'), ('18', '3', '2017-01-22 10:45:07.726816.log', '2017-01-22 02:45:07.728864', '/Users/netease/Documents/hzdonghao/master_interface_platform/interface_platform/log/2017-01-22 10:45:07.726816.log'), ('19', '3', '2017-01-22 10:46:10.968557.log', '2017-01-22 02:46:10.970569', '/Users/netease/Documents/hzdonghao/master_interface_platform/interface_platform/log/2017-01-22 10:46:10.968557.log'), ('20', '21', '2017-01-22 10:46:46.442209.log', '2017-01-22 02:46:46.445163', '/Users/netease/Documents/hzdonghao/master_interface_platform/interface_platform/log/2017-01-22 10:46:46.442209.log'), ('21', '20', '2017-01-22 11:19:26.527629.log', '2017-01-22 03:19:26.529777', '/Users/netease/Documents/hzdonghao/master_interface_platform/interface_platform/log/2017-01-22 11:19:26.527629.log'), ('22', '21', '2017-01-22 14:28:33.832335.log', '2017-01-22 06:28:33.834427', '/Users/netease/Documents/hzdonghao/master_interface_platform/interface_platform/log/2017-01-22 14:28:33.832335.log'), ('23', '20', '2017-01-22 14:38:26.206168.log', '2017-01-22 06:38:26.208127', '/Users/netease/Documents/hzdonghao/master_interface_platform/interface_platform/log/2017-01-22 14:38:26.206168.log'), ('24', '20', '2017-01-22 14:39:22.870594.log', '2017-01-22 06:39:22.872616', '/Users/netease/Documents/hzdonghao/master_interface_platform/interface_platform/log/2017-01-22 14:39:22.870594.log'), ('25', '1', '2017-01-22 14:41:07.924914.log', '2017-01-22 06:41:07.927077', '/Users/netease/Documents/hzdonghao/master_interface_platform/interface_platform/log/2017-01-22 14:41:07.924914.log'), ('26', '20', '2017-01-22 14:44:32.343820.log', '2017-01-22 06:44:32.346078', '/Users/netease/Documents/hzdonghao/master_interface_platform/interface_platform/log/2017-01-22 14:44:32.343820.log'), ('27', '1', '2017-01-22 14:44:45.109545.log', '2017-01-22 06:44:45.112601', '/Users/netease/Documents/hzdonghao/master_interface_platform/interface_platform/log/2017-01-22 14:44:45.109545.log'), ('28', '20', '2017-01-22 14:44:48.513741.log', '2017-01-22 06:44:48.515640', '/Users/netease/Documents/hzdonghao/master_interface_platform/interface_platform/log/2017-01-22 14:44:48.513741.log'), ('29', '1', '2017-01-22 14:44:59.835744.log', '2017-01-22 06:44:59.837904', '/Users/netease/Documents/hzdonghao/master_interface_platform/interface_platform/log/2017-01-22 14:44:59.835744.log'), ('30', '1', '2017-01-22 14:45:15.970360.log', '2017-01-22 06:45:15.973271', '/Users/netease/Documents/hzdonghao/master_interface_platform/interface_platform/log/2017-01-22 14:45:15.970360.log'), ('31', '21', '2017-01-22 14:46:10.103486.log', '2017-01-22 06:46:10.105472', '/Users/netease/Documents/hzdonghao/master_interface_platform/interface_platform/log/2017-01-22 14:46:10.103486.log'), ('32', '21', '2017-01-22 14:46:34.788509.log', '2017-01-22 06:46:34.811598', '/Users/netease/Documents/hzdonghao/master_interface_platform/interface_platform/log/2017-01-22 14:46:34.788509.log'), ('33', '20', '2017-01-22 14:47:53.275006.log', '2017-01-22 06:47:53.277253', '/Users/netease/Documents/hzdonghao/master_interface_platform/interface_platform/log/2017-01-22 14:47:53.275006.log'), ('34', '20', '2017-01-22 14:48:26.710440.log', '2017-01-22 06:48:26.712589', '/Users/netease/Documents/hzdonghao/master_interface_platform/interface_platform/log/2017-01-22 14:48:26.710440.log'), ('35', '20', '2017-01-22 14:48:29.811606.log', '2017-01-22 06:48:29.813538', '/Users/netease/Documents/hzdonghao/master_interface_platform/interface_platform/log/2017-01-22 14:48:29.811606.log'), ('36', '20', '2017-01-22 14:48:38.128460.log', '2017-01-22 06:48:38.130600', '/Users/netease/Documents/hzdonghao/master_interface_platform/interface_platform/log/2017-01-22 14:48:38.128460.log'), ('37', '20', '2017-01-22 14:48:41.134728.log', '2017-01-22 06:48:41.136925', '/Users/netease/Documents/hzdonghao/master_interface_platform/interface_platform/log/2017-01-22 14:48:41.134728.log'), ('38', '20', '2017-01-22 14:48:44.164908.log', '2017-01-22 06:48:44.167007', '/Users/netease/Documents/hzdonghao/master_interface_platform/interface_platform/log/2017-01-22 14:48:44.164908.log'), ('39', '20', '2017-01-22 14:48:48.548736.log', '2017-01-22 06:48:48.550878', '/Users/netease/Documents/hzdonghao/master_interface_platform/interface_platform/log/2017-01-22 14:48:48.548736.log'), ('40', '20', '2017-01-22 14:48:51.610051.log', '2017-01-22 06:48:51.619066', '/Users/netease/Documents/hzdonghao/master_interface_platform/interface_platform/log/2017-01-22 14:48:51.610051.log'), ('41', '20', '2017-01-22 14:49:50.937733.log', '2017-01-22 06:49:50.940012', '/Users/netease/Documents/hzdonghao/master_interface_platform/interface_platform/log/2017-01-22 14:49:50.937733.log'), ('42', '20', '2017-01-22 14:49:59.229961.log', '2017-01-22 06:49:59.231997', '/Users/netease/Documents/hzdonghao/master_interface_platform/interface_platform/log/2017-01-22 14:49:59.229961.log'), ('43', '21', '2017-01-22 14:50:03.806498.log', '2017-01-22 06:50:03.808473', '/Users/netease/Documents/hzdonghao/master_interface_platform/interface_platform/log/2017-01-22 14:50:03.806498.log'), ('44', '21', '2017-01-22 14:50:06.982069.log', '2017-01-22 06:50:06.984069', '/Users/netease/Documents/hzdonghao/master_interface_platform/interface_platform/log/2017-01-22 14:50:06.982069.log'), ('45', '20', '2017-01-22 14:50:13.631212.log', '2017-01-22 06:50:13.633342', '/Users/netease/Documents/hzdonghao/master_interface_platform/interface_platform/log/2017-01-22 14:50:13.631212.log'), ('46', '20', '2017-01-22 14:50:16.655979.log', '2017-01-22 06:50:16.657983', '/Users/netease/Documents/hzdonghao/master_interface_platform/interface_platform/log/2017-01-22 14:50:16.655979.log'), ('47', '20', '2017-01-22 14:50:19.666373.log', '2017-01-22 06:50:19.668272', '/Users/netease/Documents/hzdonghao/master_interface_platform/interface_platform/log/2017-01-22 14:50:19.666373.log'), ('48', '20', '2017-01-22 14:50:22.740300.log', '2017-01-22 06:50:22.742277', '/Users/netease/Documents/hzdonghao/master_interface_platform/interface_platform/log/2017-01-22 14:50:22.740300.log'), ('49', '20', '2017-01-22 15:08:03.361279.log', '2017-01-22 07:08:03.363375', '/Users/netease/Documents/hzdonghao/master_interface_platform/interface_platform/log/2017-01-22 15:08:03.361279.log'), ('50', '20', '2017-01-22 15:08:06.510940.log', '2017-01-22 07:08:06.513076', '/Users/netease/Documents/hzdonghao/master_interface_platform/interface_platform/log/2017-01-22 15:08:06.510940.log'), ('51', '20', '2017-01-22 15:08:35.044787.log', '2017-01-22 07:08:35.046881', '/Users/netease/Documents/hzdonghao/master_interface_platform/interface_platform/log/2017-01-22 15:08:35.044787.log'), ('52', '20', '2017-01-22 15:08:40.747097.log', '2017-01-22 07:08:40.749152', '/Users/netease/Documents/hzdonghao/master_interface_platform/interface_platform/log/2017-01-22 15:08:40.747097.log'), ('53', '20', '2017-01-22 15:08:44.828221.log', '2017-01-22 07:08:44.830427', '/Users/netease/Documents/hzdonghao/master_interface_platform/interface_platform/log/2017-01-22 15:08:44.828221.log'), ('54', '20', '2017-01-22 15:31:01.318631.log', '2017-01-22 07:31:01.320938', '/Users/netease/Documents/hzdonghao/master_interface_platform/interface_platform/log/2017-01-22 15:31:01.318631.log'), ('55', '11', '2017-01-22 16:10:35.970287.log', '2017-01-22 08:10:35.986798', '/Users/netease/Documents/hzdonghao/master_interface_platform/interface_platform/log/2017-01-22 16:10:35.970287.log'), ('56', '11', '2017-01-22 16:10:45.334444.log', '2017-01-22 08:10:45.351898', '/Users/netease/Documents/hzdonghao/master_interface_platform/interface_platform/log/2017-01-22 16:10:45.334444.log'), ('57', '1', '2017-01-22 16:21:14.292247.log', '2017-01-22 08:21:14.301744', '/Users/netease/Documents/hzdonghao/master_interface_platform/interface_platform/log/2017-01-22 16:21:14.292247.log'), ('58', '1', '2017-01-22 16:22:49.609039.log', '2017-01-22 08:22:49.611102', '/Users/netease/Documents/hzdonghao/master_interface_platform/interface_platform/log/2017-01-22 16:22:49.609039.log'), ('59', '1', '2017-01-22 16:32:50.913563.log', '2017-01-22 08:32:50.915977', '/Users/netease/Documents/hzdonghao/master_interface_platform/interface_platform/log/2017-01-22 16:32:50.913563.log'), ('60', '1', '2017-01-22 18:59:20.270964.log', '2017-01-22 10:59:20.273206', '/Users/netease/Documents/hzdonghao/master_interface_platform/interface_platform/log/2017-01-22 18:59:20.270964.log'), ('61', '3', '2017-01-22 18:59:34.340822.log', '2017-01-22 10:59:34.342812', '/Users/netease/Documents/hzdonghao/master_interface_platform/interface_platform/log/2017-01-22 18:59:34.340822.log'), ('62', '20', '2017-01-22 19:54:59.282695.log', '2017-01-22 11:54:59.284812', '/Users/netease/Documents/hzdonghao/master_interface_platform/interface_platform/log/2017-01-22 19:54:59.282695.log'), ('63', '20', '2017-01-22 19:55:03.288226.log', '2017-01-22 11:55:03.290256', '/Users/netease/Documents/hzdonghao/master_interface_platform/interface_platform/log/2017-01-22 19:55:03.288226.log'), ('64', '20', '2017-01-22 19:55:08.559408.log', '2017-01-22 11:55:08.561477', '/Users/netease/Documents/hzdonghao/master_interface_platform/interface_platform/log/2017-01-22 19:55:08.559408.log'), ('65', '20', '2017-01-22 19:55:16.824362.log', '2017-01-22 11:55:16.827441', '/Users/netease/Documents/hzdonghao/master_interface_platform/interface_platform/log/2017-01-22 19:55:16.824362.log'), ('66', '1', '2017-01-22 19:56:15.452561.log', '2017-01-22 11:56:15.455710', '/Users/netease/Documents/hzdonghao/master_interface_platform/interface_platform/log/2017-01-22 19:56:15.452561.log'), ('67', '20', '2017-01-22 20:00:25.858543.log', '2017-01-22 12:00:25.860814', '/Users/netease/Documents/hzdonghao/master_interface_platform/interface_platform/log/2017-01-22 20:00:25.858543.log'), ('68', '20', '2017-01-22 20:00:28.961432.log', '2017-01-22 12:00:28.963410', '/Users/netease/Documents/hzdonghao/master_interface_platform/interface_platform/log/2017-01-22 20:00:28.961432.log'), ('69', '21', '2017-01-22 20:01:50.204893.log', '2017-01-22 12:01:50.206972', '/Users/netease/Documents/hzdonghao/master_interface_platform/interface_platform/log/2017-01-22 20:01:50.204893.log'), ('70', '20', '2017-01-22 20:02:11.868309.log', '2017-01-22 12:02:11.870369', '/Users/netease/Documents/hzdonghao/master_interface_platform/interface_platform/log/2017-01-22 20:02:11.868309.log'), ('71', '1', '2017-01-23 12:30:39.212395.log', '2017-01-23 04:30:39.214475', '/Users/netease/Documents/hzdonghao/master_interface_platform/interface_platform/log/2017-01-23 12:30:39.212395.log'), ('72', '1', '2017-01-23 14:48:55.700126.log', '2017-01-23 06:48:55.702170', '/Users/netease/Documents/hzdonghao/master_interface_platform/interface_platform/log/2017-01-23 14:48:55.700126.log'), ('73', '24', '2017-02-05 14:26:19.640142.log', '2017-02-05 06:26:19.642121', '/Users/netease/Documents/hzdonghao/master_interface_platform/interface_platform/log/2017-02-05 14:26:19.640142.log'), ('74', '24', '2017-02-05 14:26:26.012421.log', '2017-02-05 06:26:26.014454', '/Users/netease/Documents/hzdonghao/master_interface_platform/interface_platform/log/2017-02-05 14:26:26.012421.log'), ('75', '24', '2017-02-05 14:32:44.281306.log', '2017-02-05 06:32:44.283274', '/Users/netease/Documents/hzdonghao/master_interface_platform/interface_platform/log/2017-02-05 14:32:44.281306.log'), ('76', '24', '2017-02-05 14:38:34.304827.log', '2017-02-05 06:38:34.306767', '/Users/netease/Documents/hzdonghao/master_interface_platform/interface_platform/log/2017-02-05 14:38:34.304827.log'), ('77', '24', '2017-02-05 14:38:41.856656.log', '2017-02-05 06:38:41.858735', '/Users/netease/Documents/hzdonghao/master_interface_platform/interface_platform/log/2017-02-05 14:38:41.856656.log'), ('78', '26', '2017-02-06 10:01:14.349525.log', '2017-02-06 02:01:14.352138', '/Users/netease/Documents/hzdonghao/master_interface_platform/interface_platform/log/2017-02-06 10:01:14.349525.log'), ('79', '26', '2017-02-06 10:01:22.126543.log', '2017-02-06 02:01:22.128637', '/Users/netease/Documents/hzdonghao/master_interface_platform/interface_platform/log/2017-02-06 10:01:22.126543.log'), ('80', '26', '2017-02-06 10:02:33.041963.log', '2017-02-06 02:02:33.114188', '/Users/netease/Documents/hzdonghao/master_interface_platform/interface_platform/log/2017-02-06 10:02:33.041963.log'), ('81', '26', '2017-02-06 10:03:04.527086.log', '2017-02-06 02:03:04.530165', '/Users/netease/Documents/hzdonghao/master_interface_platform/interface_platform/log/2017-02-06 10:03:04.527086.log'), ('82', '26', '2017-02-06 10:06:09.822476.log', '2017-02-06 02:06:09.824455', '/Users/netease/Documents/hzdonghao/master_interface_platform/interface_platform/log/2017-02-06 10:06:09.822476.log'), ('83', '26', '2017-02-06 10:09:43.280216.log', '2017-02-06 02:09:43.282240', '/Users/netease/Documents/hzdonghao/master_interface_platform/interface_platform/log/2017-02-06 10:09:43.280216.log'), ('84', '26', '2017-02-06 10:11:38.373236.log', '2017-02-06 02:11:38.375181', '/Users/netease/Documents/hzdonghao/master_interface_platform/interface_platform/log/2017-02-06 10:11:38.373236.log'), ('85', '26', '2017-02-06 10:12:25.120599.log', '2017-02-06 02:12:25.122622', '/Users/netease/Documents/hzdonghao/master_interface_platform/interface_platform/log/2017-02-06 10:12:25.120599.log'), ('86', '23', '2017-02-06 10:19:40.275193.log', '2017-02-06 02:19:40.277146', '/Users/netease/Documents/hzdonghao/master_interface_platform/interface_platform/log/2017-02-06 10:19:40.275193.log'), ('87', '23', '2017-02-06 10:19:53.435451.log', '2017-02-06 02:19:53.437392', '/Users/netease/Documents/hzdonghao/master_interface_platform/interface_platform/log/2017-02-06 10:19:53.435451.log'), ('88', '23', '2017-02-06 10:19:57.296680.log', '2017-02-06 02:19:57.298697', '/Users/netease/Documents/hzdonghao/master_interface_platform/interface_platform/log/2017-02-06 10:19:57.296680.log'), ('89', '26', '2017-02-06 10:20:41.752488.log', '2017-02-06 02:20:41.754478', '/Users/netease/Documents/hzdonghao/master_interface_platform/interface_platform/log/2017-02-06 10:20:41.752488.log'), ('90', '26', '2017-02-06 10:20:43.659800.log', '2017-02-06 02:20:43.661838', '/Users/netease/Documents/hzdonghao/master_interface_platform/interface_platform/log/2017-02-06 10:20:43.659800.log'), ('91', '26', '2017-02-06 10:21:04.640054.log', '2017-02-06 02:21:04.643256', '/Users/netease/Documents/hzdonghao/master_interface_platform/interface_platform/log/2017-02-06 10:21:04.640054.log'), ('92', '26', '2017-02-06 10:21:06.247427.log', '2017-02-06 02:21:06.249381', '/Users/netease/Documents/hzdonghao/master_interface_platform/interface_platform/log/2017-02-06 10:21:06.247427.log'), ('93', '26', '2017-02-06 10:45:36.912458.log', '2017-02-06 02:45:36.914560', '/Users/netease/Documents/hzdonghao/master_interface_platform/interface_platform/log/2017-02-06 10:45:36.912458.log'), ('94', '26', '2017-02-06 10:47:39.472437.log', '2017-02-06 02:47:39.498374', '/Users/netease/Documents/hzdonghao/master_interface_platform/interface_platform/log/2017-02-06 10:47:39.472437.log'), ('95', '1', '2017-02-06 11:21:42.222517.log', '2017-02-06 03:21:42.224487', '/Users/netease/Documents/hzdonghao/master_interface_platform/interface_platform/log/2017-02-06 11:21:42.222517.log'), ('96', '1', '2017-02-06 11:22:01.222837.log', '2017-02-06 03:22:01.224760', '/Users/netease/Documents/hzdonghao/master_interface_platform/interface_platform/log/2017-02-06 11:22:01.222837.log'), ('97', '26', '2017-02-06 11:22:53.011024.log', '2017-02-06 03:22:53.013054', '/Users/netease/Documents/hzdonghao/master_interface_platform/interface_platform/log/2017-02-06 11:22:53.011024.log'), ('98', '26', '2017-02-06 11:22:53.605835.log', '2017-02-06 03:22:53.607760', '/Users/netease/Documents/hzdonghao/master_interface_platform/interface_platform/log/2017-02-06 11:22:53.605835.log'), ('99', '22', '2017-02-07 09:51:31.074768.log', '2017-02-07 01:51:31.076803', '/Users/netease/Documents/hzdonghao/master_interface_platform/interface_platform/log/2017-02-07 09:51:31.074768.log'), ('100', '22', '2017-02-07 09:53:17.371288.log', '2017-02-07 01:53:17.373336', '/Users/netease/Documents/hzdonghao/master_interface_platform/interface_platform/log/2017-02-07 09:53:17.371288.log'), ('101', '25', '2017-02-07 09:55:27.311885.log', '2017-02-07 01:55:27.313921', '/Users/netease/Documents/hzdonghao/master_interface_platform/interface_platform/log/2017-02-07 09:55:27.311885.log'), ('102', '22', '2017-02-07 10:02:43.996219.log', '2017-02-07 02:02:43.998474', '/Users/netease/Documents/hzdonghao/master_interface_platform/interface_platform/log/2017-02-07 10:02:43.996219.log'), ('103', '26', '2017-02-07 10:12:50.770676.log', '2017-02-07 02:12:50.772673', '/Users/netease/Documents/hzdonghao/master_interface_platform/interface_platform/log/2017-02-07 10:12:50.770676.log'), ('104', '26', '2017-02-07 10:29:49.801616.log', '2017-02-07 02:29:49.803721', '/Users/netease/Documents/hzdonghao/master_interface_platform/interface_platform/log/2017-02-07 10:29:49.801616.log'), ('105', '26', '2017-02-07 10:30:57.253351.log', '2017-02-07 02:30:57.255411', '/Users/netease/Documents/hzdonghao/master_interface_platform/interface_platform/log/2017-02-07 10:30:57.253351.log'), ('106', '27', '2017-02-07 10:32:32.815765.log', '2017-02-07 02:32:32.818946', '/Users/netease/Documents/hzdonghao/master_interface_platform/interface_platform/log/2017-02-07 10:32:32.815765.log'), ('107', '26', '2017-02-07 10:32:40.821721.log', '2017-02-07 02:32:40.823879', '/Users/netease/Documents/hzdonghao/master_interface_platform/interface_platform/log/2017-02-07 10:32:40.821721.log'), ('108', '27', '2017-02-07 15:00:07.402629.log', '2017-02-07 07:00:07.405912', '/Users/netease/Documents/hzdonghao/master_interface_platform/interface_platform/log/2017-02-07 15:00:07.402629.log'), ('109', '22', '2017-02-07 15:38:39.784038.log', '2017-02-07 07:38:39.786225', '/Users/netease/Documents/hzdonghao/master_interface_platform/interface_platform/log/2017-02-07 15:38:39.784038.log'), ('110', '3', '2017-02-07 15:55:20.442789.log', '2017-02-07 07:55:20.444965', '/Users/netease/Documents/hzdonghao/master_interface_platform/interface_platform/log/2017-02-07 15:55:20.442789.log'), ('111', '1', '2017-02-07 15:56:51.288571.log', '2017-02-07 07:56:51.290629', '/Users/netease/Documents/hzdonghao/master_interface_platform/interface_platform/log/2017-02-07 15:56:51.288571.log'), ('112', '20', '2017-02-07 15:57:28.652034.log', '2017-02-07 07:57:28.654225', '/Users/netease/Documents/hzdonghao/master_interface_platform/interface_platform/log/2017-02-07 15:57:28.652034.log'), ('113', '20', '2017-02-07 15:57:31.749456.log', '2017-02-07 07:57:31.751496', '/Users/netease/Documents/hzdonghao/master_interface_platform/interface_platform/log/2017-02-07 15:57:31.749456.log'), ('114', '21', '2017-02-07 15:57:41.171144.log', '2017-02-07 07:57:41.173385', '/Users/netease/Documents/hzdonghao/master_interface_platform/interface_platform/log/2017-02-07 15:57:41.171144.log'), ('115', '20', '2017-02-07 15:58:33.767164.log', '2017-02-07 07:58:33.769223', '/Users/netease/Documents/hzdonghao/master_interface_platform/interface_platform/log/2017-02-07 15:58:33.767164.log'), ('116', '21', '2017-02-07 16:02:55.700826.log', '2017-02-07 08:02:55.702915', '/Users/netease/Documents/hzdonghao/master_interface_platform/interface_platform/log/2017-02-07 16:02:55.700826.log'), ('117', '20', '2017-02-07 16:19:19.829452.log', '2017-02-07 08:19:19.831547', '/Users/netease/Documents/hzdonghao/master_interface_platform/interface_platform/log/2017-02-07 16:19:19.829452.log'), ('118', '21', '2017-02-07 18:52:47.915241.log', '2017-02-07 10:52:47.917317', '/Users/netease/Documents/hzdonghao/master_interface_platform/interface_platform/log/2017-02-07 18:52:47.915241.log'), ('119', '20', '2017-02-07 18:55:14.426661.log', '2017-02-07 10:55:14.428929', '/Users/netease/Documents/hzdonghao/master_interface_platform/interface_platform/log/2017-02-07 18:55:14.426661.log'), ('120', '21', '2017-02-07 19:01:36.715606.log', '2017-02-07 11:01:36.718622', '/Users/netease/Documents/hzdonghao/master_interface_platform/interface_platform/log/2017-02-07 19:01:36.715606.log'), ('121', '29', '2017-02-07 19:02:12.131061.log', '2017-02-07 11:02:12.133145', '/Users/netease/Documents/hzdonghao/master_interface_platform/interface_platform/log/2017-02-07 19:02:12.131061.log'), ('122', '21', '2017-02-07 19:10:05.113718.log', '2017-02-07 11:10:05.116860', '/Users/netease/Documents/hzdonghao/master_interface_platform/interface_platform/log/2017-02-07 19:10:05.113718.log'), ('123', '21', '2017-02-07 19:11:21.938968.log', '2017-02-07 11:11:21.941033', '/Users/netease/Documents/hzdonghao/master_interface_platform/interface_platform/log/2017-02-07 19:11:21.938968.log'), ('124', '8', '2017-02-08 11:03:00.020732.log', '2017-02-08 03:03:00.022800', '/Users/netease/Documents/hzdonghao/master_interface_platform/interface_platform/log/2017-02-08 11:03:00.020732.log'), ('125', '21', '2017-02-08 16:59:28.999187.log', '2017-02-08 08:59:29.001262', '/Users/netease/Documents/hzdonghao/master_interface_platform/interface_platform/log/2017-02-08 16:59:28.999187.log'), ('126', '1', '2017-02-09 11:12:51.298431.log', '2017-02-09 03:12:51.460592', '/Users/netease/Documents/hzdonghao/master_interface_platform/interface_platform/log/2017-02-09 11:12:51.298431.log'), ('127', '21', '2017-02-09 11:17:54.268016.log', '2017-02-09 03:17:54.270077', '/Users/netease/Documents/hzdonghao/master_interface_platform/interface_platform/log/2017-02-09 11:17:54.268016.log'), ('128', '21', '2017-02-09 11:24:45.164382.log', '2017-02-09 03:24:45.166727', '/Users/netease/Documents/hzdonghao/master_interface_platform/interface_platform/log/2017-02-09 11:24:45.164382.log'), ('129', '1', '2017-02-09 15:44:42.039914.log', '2017-02-09 07:44:42.042138', '/Users/netease/Documents/hzdonghao/master_interface_platform/interface_platform/log/2017-02-09 15:44:42.039914.log'), ('130', '8', '2017-02-09 15:46:01.451524.log', '2017-02-09 07:46:01.454469', '/Users/netease/Documents/hzdonghao/master_interface_platform/interface_platform/log/2017-02-09 15:46:01.451524.log');
COMMIT;

-- ----------------------------
--  Table structure for `interface_platform_itparam`
-- ----------------------------
DROP TABLE IF EXISTS `interface_platform_itparam`;
CREATE TABLE `interface_platform_itparam` (
  `id` int(11) NOT NULL AUTO_INCREMENT,
  `name` varchar(100) NOT NULL,
  `value` varchar(254) NOT NULL,
  `type` varchar(10) DEFAULT NULL,
  `it_id` int(11) NOT NULL,
  PRIMARY KEY (`id`),
  KEY `interface_pl_it_id_3343493b_fk_interface_platform_itstatement_id` (`it_id`),
  CONSTRAINT `interface_pl_it_id_3343493b_fk_interface_platform_itstatement_id` FOREIGN KEY (`it_id`) REFERENCES `interface_platform_itstatement` (`id`)
) ENGINE=InnoDB AUTO_INCREMENT=12 DEFAULT CHARSET=utf8;

-- ----------------------------
--  Records of `interface_platform_itparam`
-- ----------------------------
BEGIN;
INSERT INTO `interface_platform_itparam` VALUES ('1', 'account', 'testdong5@yixin.im', null, '3'), ('2', 'password', 'Admin123', null, '3'), ('3', 'authAll', '1', null, '3'), ('4', 'moduleIdList', '11,10,13', null, '3'), ('6', 'account', 'testdong55@yixin.im', 'text', '20'), ('7', 'password', 'Admin123', 'text', '20'), ('8', 'authAll', '1', 'text', '20'), ('9', 'moduleIdList', '11,10,13', 'text', '20'), ('10', '88', '88', 'text', '11'), ('11', 'cmd', '12222222222222', 'text', '22');
COMMIT;

-- ----------------------------
--  Table structure for `interface_platform_itstatement`
-- ----------------------------
DROP TABLE IF EXISTS `interface_platform_itstatement`;
CREATE TABLE `interface_platform_itstatement` (
  `id` int(11) NOT NULL AUTO_INCREMENT,
  `name` varchar(100) NOT NULL,
  `protocol_type` varchar(10) NOT NULL,
  `request_type` varchar(10) NOT NULL,
  `path` varchar(100) NOT NULL,
  `desc` varchar(254) DEFAULT NULL,
  `project_id` int(11) NOT NULL,
  `creator_id` int(11) NOT NULL,
  `host_id` int(11) NOT NULL,
  `status` varchar(20) NOT NULL,
  `responsible_id` int(11) NOT NULL,
  `timestamp` datetime NOT NULL,
  PRIMARY KEY (`id`),
  KEY `interface_p_project_id_168186da_fk_interface_platform_project_id` (`project_id`),
  KEY `interface_platform_its_creator_id_682e954f_fk_account_account_id` (`creator_id`),
  KEY `interface_pla_host_id_59a6350c_fk_interface_platform_variable_id` (`host_id`),
  KEY `interface_platform_responsible_id_52ff119d_fk_account_account_id` (`responsible_id`),
  CONSTRAINT `interface_p_project_id_168186da_fk_interface_platform_project_id` FOREIGN KEY (`project_id`) REFERENCES `interface_platform_project` (`id`),
  CONSTRAINT `interface_pla_host_id_59a6350c_fk_interface_platform_variable_id` FOREIGN KEY (`host_id`) REFERENCES `interface_platform_variable` (`id`),
  CONSTRAINT `interface_platform_its_creator_id_682e954f_fk_account_account_id` FOREIGN KEY (`creator_id`) REFERENCES `account_account` (`id`),
  CONSTRAINT `interface_platform_responsible_id_52ff119d_fk_account_account_id` FOREIGN KEY (`responsible_id`) REFERENCES `account_account` (`id`)
) ENGINE=InnoDB AUTO_INCREMENT=30 DEFAULT CHARSET=utf8;

-- ----------------------------
--  Records of `interface_platform_itstatement`
-- ----------------------------
BEGIN;
INSERT INTO `interface_platform_itstatement` VALUES ('1', '获取Admin Cookie', 'HTTPS', 'POST', '/checkLogin?', 'None   ', '1', '2', '1', 'Pass', '2', '2017-02-09 08:09:13'), ('3', '添加用户并设置权限', 'HTTPS', 'POST', '/user/addUserAndAuth', '', '1', '2', '1', 'Fail', '2', '2017-02-07 07:55:20'), ('4', '登录', 'HTTPS', 'POST', 'login/', '', '2', '3', '1', 'Unexecuted', '3', '2016-12-01 10:47:56'), ('5', '登出', 'HTTPS', 'POST', 'logout/', '', '3', '4', '1', 'Unexecuted', '4', '2016-12-01 10:48:27'), ('6', '验证', 'HTTPS', 'GET', 'verify/jj', ' gggggg', '4', '5', '1', 'Unexecuted', '5', '2016-12-06 09:23:31'), ('7', '接口三', 'HTTPS', 'GET', 'in/ss', 'ssss hhh', '3', '3', '1', 'Unexecuted', '3', '2016-12-05 02:01:28'), ('8', '获取我的电话会议信息', 'HTTPS', 'POST', '/conference-client/my', '高频接口，返回公司余额、是否有进行中的即时会议等', '1', '3', '1', 'Pass', '3', '2017-02-09 07:46:02'), ('9', '规范', 'HTTPS', 'GET', 'sss', '是是是', '35', '2', '8', 'Unexecuted', '2', '2016-12-29 06:55:33'), ('10', 'hhhh', 'HTTPS', 'GET', '哈哈哈', '', '36', '2', '9', 'Unexecuted', '2', '2016-12-30 05:56:18'), ('11', '12333', 'HTTPS', 'GET', '', '', '1', '5', '1', 'Pass', '2', '2017-01-22 08:10:45'), ('20', '添加用户并设置权限', 'HTTPS', 'POST', '/user/addUserAndAuth', '', '42', '3', '12', 'Pass', '2', '2017-01-22 06:47:53'), ('21', '获取Admin Cookie', 'HTTPS', 'POST', '/checkLogin?', '', '42', '3', '12', 'Fail', '2', '2017-02-09 03:24:45'), ('22', '查看剩余时长入口', 'HTTPS', 'GET', '/conference/clientweb/remaining-minutes', '', '43', '3', '11', 'Unexecuted', '3', '2017-02-05 02:53:25'), ('23', '企业管理-入口（同步）', 'HTTPS', 'GET', '/conference/company', '', '43', '4', '11', 'Unexecuted', '4', '2017-02-05 02:58:08'), ('24', '入口1', 'HTTPS', 'GET', '/conference/manage', '', '43', '3', '11', 'Unexecuted', '3', '2017-02-05 06:38:32'), ('25', '企业管理-企业列表（异步）', 'HTTPS', 'POST', '/conference/company/list', '', '43', '4', '11', 'Unexecuted', '4', '2017-02-05 06:24:17'), ('26', '获取企业消费记录', 'HTTPS', 'POST', '/conference/cropmail-manage/getCompanyUsePage', '', '43', '3', '11', 'Unexecuted', '3', '2017-02-06 02:11:37'), ('27', '企业管理-根据企业邮箱主域名获取企业充值信息（异步）', 'HTTPS', 'POST', '/conference/company/info', '', '43', '4', '11', 'Unexecuted', '4', '2017-02-06 03:09:25'), ('29', '进入我的应用', 'HTTPS', 'GET', '/app/channel/', '', '43', '3', '14', 'Unexecuted', '2', '2017-02-07 07:37:55');
COMMIT;

-- ----------------------------
--  Table structure for `interface_platform_project`
-- ----------------------------
DROP TABLE IF EXISTS `interface_platform_project`;
CREATE TABLE `interface_platform_project` (
  `id` int(11) NOT NULL AUTO_INCREMENT,
  `name` varchar(100) NOT NULL,
  `desc` varchar(254) DEFAULT NULL,
  `user_id` int(11) NOT NULL,
  PRIMARY KEY (`id`),
  KEY `interface_platform_projec_user_id_21aa308e_fk_account_account_id` (`user_id`),
  CONSTRAINT `interface_platform_projec_user_id_21aa308e_fk_account_account_id` FOREIGN KEY (`user_id`) REFERENCES `account_account` (`id`)
) ENGINE=InnoDB AUTO_INCREMENT=45 DEFAULT CHARSET=utf8;

-- ----------------------------
--  Records of `interface_platform_project`
-- ----------------------------
BEGIN;
INSERT INTO `interface_platform_project` VALUES ('1', '企业易信', null, '2'), ('2', '项目A', '', '3'), ('3', '项目B', '', '4'), ('4', '项目C', '', '5'), ('33', 'ggg', 'gggg', '1'), ('35', '一样一样', '云音乐', '1'), ('36', '急急急', '急急急', '9'), ('37', '123244', '444', '5'), ('38', 'yyy', '云音乐', '3'), ('39', '1111', '', '28'), ('40', '12', '12', '4'), ('41', '说服对方', '方法', '5'), ('42', '测试新建项目', '地方法', '5'), ('43', '电话会议', '测试', '3'), ('44', '云盘', '', '39');
COMMIT;

-- ----------------------------
--  Table structure for `interface_platform_tag`
-- ----------------------------
DROP TABLE IF EXISTS `interface_platform_tag`;
CREATE TABLE `interface_platform_tag` (
  `id` int(11) NOT NULL AUTO_INCREMENT,
  `name` varchar(254) NOT NULL,
  `num` int(11) NOT NULL,
  PRIMARY KEY (`id`)
) ENGINE=InnoDB DEFAULT CHARSET=utf8;

-- ----------------------------
--  Table structure for `interface_platform_tagmap`
-- ----------------------------
DROP TABLE IF EXISTS `interface_platform_tagmap`;
CREATE TABLE `interface_platform_tagmap` (
  `id` int(11) NOT NULL AUTO_INCREMENT,
  `tag_id` int(11) NOT NULL,
  `tc_id` int(11) NOT NULL,
  PRIMARY KEY (`id`),
  KEY `interface_platform__tag_id_3076b34e_fk_interface_platform_tag_id` (`tag_id`),
  KEY `interface_platf_tc_id_3c27b8d4_fk_interface_platform_testcase_id` (`tc_id`),
  CONSTRAINT `interface_platf_tc_id_3c27b8d4_fk_interface_platform_testcase_id` FOREIGN KEY (`tc_id`) REFERENCES `interface_platform_testcase` (`id`),
  CONSTRAINT `interface_platform__tag_id_3076b34e_fk_interface_platform_tag_id` FOREIGN KEY (`tag_id`) REFERENCES `interface_platform_tag` (`id`)
) ENGINE=InnoDB DEFAULT CHARSET=utf8;

-- ----------------------------
--  Table structure for `interface_platform_testcase`
-- ----------------------------
DROP TABLE IF EXISTS `interface_platform_testcase`;
CREATE TABLE `interface_platform_testcase` (
  `id` int(11) NOT NULL AUTO_INCREMENT,
  `name` varchar(254) NOT NULL,
  `belong_id` int(11) NOT NULL,
  `status` varchar(20) NOT NULL,
  `author_id` int(11) NOT NULL,
  `responsible_id` int(11) NOT NULL,
  `timestamp` datetime NOT NULL,
  `tags` varchar(254) DEFAULT NULL,
  PRIMARY KEY (`id`),
  KEY `interf_belong_id_7fac4a86_fk_interface_platform_directorytree_id` (`belong_id`),
  KEY `interface_platform_test_author_id_60849782_fk_account_account_id` (`author_id`),
  KEY `interface_platform_responsible_id_4b1a8fc2_fk_account_account_id` (`responsible_id`),
  CONSTRAINT `interf_belong_id_7fac4a86_fk_interface_platform_directorytree_id` FOREIGN KEY (`belong_id`) REFERENCES `interface_platform_directorytree` (`id`),
  CONSTRAINT `interface_platform_responsible_id_4b1a8fc2_fk_account_account_id` FOREIGN KEY (`responsible_id`) REFERENCES `account_account` (`id`),
  CONSTRAINT `interface_platform_test_author_id_60849782_fk_account_account_id` FOREIGN KEY (`author_id`) REFERENCES `account_account` (`id`)
) ENGINE=InnoDB AUTO_INCREMENT=65 DEFAULT CHARSET=utf8;

-- ----------------------------
--  Records of `interface_platform_testcase`
-- ----------------------------
BEGIN;
INSERT INTO `interface_platform_testcase` VALUES ('3', '用例1', '7', 'Pass', '9', '3', '2017-02-07 08:44:59', ''), ('4', '用例1', '8', 'Pass', '4', '4', '2017-01-19 01:58:48', ''), ('5', '用例2', '9', 'Unexecuted', '5', '5', '2016-12-13 03:19:38', ''), ('8', '新建用例', '29', 'Unexecuted', '9', '7', '2017-01-13 10:44:10', null), ('14', '新建用例', '38', 'Unexecuted', '1', '1', '2016-12-28 11:28:02', null), ('15', '新建用例', '41', 'Unexecuted', '1', '1', '2016-12-29 06:54:47', null), ('16', '新建用例', '43', 'Unexecuted', '9', '9', '2016-12-29 08:09:35', null), ('17', '新建用例', '45', 'Unexecuted', '1', '1', '2016-12-30 05:57:02', null), ('22', '用例a', '60', 'Unexecuted', '28', '28', '2017-01-16 09:24:46', null), ('23', '用例b', '61', 'Unexecuted', '28', '28', '2017-01-16 10:43:57', null), ('25', '用例a1234567890-----', '63', 'Pass', '28', '28', '2017-01-16 10:53:27', null), ('27', '新建用例', '66', 'Unexecuted', '28', '28', '2017-01-16 11:10:57', null), ('29', '新建用例', '70', 'Unexecuted', '4', '4', '2017-01-16 11:47:34', null), ('30', '新建用例', '81', 'Unexecuted', '4', '4', '2017-01-16 12:27:33', null), ('31', '新建用例', '82', 'Unexecuted', '4', '4', '2017-01-16 12:27:35', null), ('32', '新建用例', '83', 'Unexecuted', '4', '4', '2017-01-16 12:27:46', null), ('33', '新建用例', '84', 'Unexecuted', '4', '4', '2017-01-16 12:28:02', null), ('34', '新建用例0', '89', 'Pass', '3', '3', '2017-02-07 08:45:32', null), ('35', '新建用例1', '90', 'Pass', '3', '3', '2017-02-07 08:45:44', null), ('36', '新建用例2', '91', 'Fail', '3', '3', '2017-01-19 02:15:02', null), ('46', '新建用例0456', '118', 'Unexecuted', '4', '4', '2017-01-18 07:32:35', null), ('47', '新建用例1', '123', 'Fail', '5', '5', '2017-02-07 07:58:48', null), ('49', '新建用例', '131', 'Unexecuted', '30', '30', '2017-01-19 02:56:09', null), ('50', '新建用例', '132', 'Unexecuted', '30', '30', '2017-01-19 03:01:32', null), ('51', '新建用例', '135', 'Unexecuted', '30', '30', '2017-01-19 03:05:06', null), ('52', '新建用例', '136', 'Unexecuted', '30', '30', '2017-01-19 03:05:15', null), ('53', '新建用例', '138', 'Unexecuted', '30', '30', '2017-01-19 03:11:56', null), ('54', '新建用例', '139', 'Unexecuted', '30', '30', '2017-01-19 03:12:05', null), ('55', '新建用例', '140', 'Unexecuted', '30', '30', '2017-01-19 03:19:44', null), ('56', '新建用例', '141', 'Unexecuted', '30', '30', '2017-01-19 03:19:59', null), ('57', '新建用例', '142', 'Unexecuted', '30', '30', '2017-01-19 03:20:10', null), ('58', '新建用例', '143', 'Unexecuted', '30', '30', '2017-01-19 03:20:17', null), ('59', '新建用例', '145', 'Unexecuted', '3', '3', '2017-01-20 13:22:22', null), ('60', '新建用例', '147', 'Unexecuted', '4', '4', '2017-01-23 03:41:35', null), ('61', '新建用例', '148', 'Unexecuted', '4', '4', '2017-01-23 04:28:12', null), ('62', '入口（同步）', '157', 'Unexecuted', '4', '4', '2017-02-05 06:13:12', null), ('64', '新建用例', '161', 'Pass', '39', '39', '2017-02-07 07:00:47', null);
COMMIT;

-- ----------------------------
--  Table structure for `interface_platform_testcaselog`
-- ----------------------------
DROP TABLE IF EXISTS `interface_platform_testcaselog`;
CREATE TABLE `interface_platform_testcaselog` (
  `id` int(11) NOT NULL AUTO_INCREMENT,
  `tc_id` int(11) NOT NULL,
  `name` varchar(100) NOT NULL,
  `timestamp` datetime(6) NOT NULL,
  `log_path` varchar(254) NOT NULL,
  PRIMARY KEY (`id`),
  KEY `interfa_tc_id_6b037fa7dad5a0b7_fk_interface_platform_testcase_id` (`tc_id`),
  CONSTRAINT `interfa_tc_id_6b037fa7dad5a0b7_fk_interface_platform_testcase_id` FOREIGN KEY (`tc_id`) REFERENCES `interface_platform_testcase` (`id`)
) ENGINE=InnoDB AUTO_INCREMENT=43 DEFAULT CHARSET=utf8;

-- ----------------------------
--  Records of `interface_platform_testcaselog`
-- ----------------------------
BEGIN;
INSERT INTO `interface_platform_testcaselog` VALUES ('5', '3', '2017-01-19 20:57:26.173356.log', '2017-01-19 12:57:26.175460', '/Users/netease/Documents/hzdonghao/master_interface_platform/interface_platform/log/2017-01-19 20:57:26.173356.log'), ('6', '3', '2017-01-19 20:57:33.786311.log', '2017-01-19 12:57:33.788592', '/Users/netease/Documents/hzdonghao/master_interface_platform/interface_platform/log/2017-01-19 20:57:33.786311.log'), ('7', '3', '2017-01-20 09:48:34.790265.log', '2017-01-20 01:48:34.792274', '/Users/netease/Documents/hzdonghao/master_interface_platform/interface_platform/log/2017-01-20 09:48:34.790265.log'), ('8', '3', '2017-01-20 10:55:24.227717.log', '2017-01-20 02:55:24.229891', '/Users/netease/Documents/hzdonghao/master_interface_platform/interface_platform/log/2017-01-20 10:55:24.227717.log'), ('9', '3', '2017-01-20 10:57:10.218027.log', '2017-01-20 02:57:10.220067', '/Users/netease/Documents/hzdonghao/master_interface_platform/interface_platform/log/2017-01-20 10:57:10.218027.log'), ('10', '3', '2017-01-20 11:07:40.982919.log', '2017-01-20 03:07:40.985289', '/Users/netease/Documents/hzdonghao/master_interface_platform/interface_platform/log/2017-01-20 11:07:40.982919.log'), ('11', '3', '2017-01-20 14:44:32.197946.log', '2017-01-20 06:44:32.200092', '/Users/netease/Documents/hzdonghao/master_interface_platform/interface_platform/log/2017-01-20 14:44:32.197946.log'), ('12', '3', '2017-01-20 15:16:42.757821.log', '2017-01-20 07:16:42.777127', '/Users/netease/Documents/hzdonghao/master_interface_platform/interface_platform/log/2017-01-20 15:16:42.757821.log'), ('13', '3', '2017-01-20 15:18:47.818786.log', '2017-01-20 07:18:47.821691', '/Users/netease/Documents/hzdonghao/master_interface_platform/interface_platform/log/2017-01-20 15:18:47.818786.log'), ('14', '3', '2017-01-20 15:19:40.999678.log', '2017-01-20 07:19:41.001641', '/Users/netease/Documents/hzdonghao/master_interface_platform/interface_platform/log/2017-01-20 15:19:40.999678.log'), ('15', '3', '2017-01-20 15:37:37.825105.log', '2017-01-20 07:37:37.827430', '/Users/netease/Documents/hzdonghao/master_interface_platform/interface_platform/log/2017-01-20 15:37:37.825105.log'), ('16', '3', '2017-01-20 16:22:50.626628.log', '2017-01-20 08:22:50.629707', '/Users/netease/Documents/hzdonghao/master_interface_platform/interface_platform/log/2017-01-20 16:22:50.626628.log'), ('17', '47', '2017-01-22 10:43:59.353901.log', '2017-01-22 02:43:59.355994', '/Users/netease/Documents/hzdonghao/master_interface_platform/interface_platform/log/2017-01-22 10:43:59.353901.log'), ('18', '47', '2017-01-22 10:44:25.566726.log', '2017-01-22 02:44:25.569103', '/Users/netease/Documents/hzdonghao/master_interface_platform/interface_platform/log/2017-01-22 10:44:25.566726.log'), ('19', '35', '2017-01-22 14:45:59.831039.log', '2017-01-22 06:45:59.833070', '/Users/netease/Documents/hzdonghao/master_interface_platform/interface_platform/log/2017-01-22 14:45:59.831039.log'), ('20', '3', '2017-01-22 16:21:20.518489.log', '2017-01-22 08:21:20.520701', '/Users/netease/Documents/hzdonghao/master_interface_platform/interface_platform/log/2017-01-22 16:21:20.518489.log'), ('21', '3', '2017-01-22 16:32:37.608446.log', '2017-01-22 08:32:37.610612', '/Users/netease/Documents/hzdonghao/master_interface_platform/interface_platform/log/2017-01-22 16:32:37.608446.log'), ('22', '3', '2017-01-23 11:37:29.320568.log', '2017-01-23 03:37:29.322726', '/Users/netease/Documents/hzdonghao/master_interface_platform/interface_platform/log/2017-01-23 11:37:29.320568.log'), ('23', '3', '2017-01-23 12:30:44.415858.log', '2017-01-23 04:30:44.418344', '/Users/netease/Documents/hzdonghao/master_interface_platform/interface_platform/log/2017-01-23 12:30:44.415858.log'), ('24', '3', '2017-01-23 14:43:39.739653.log', '2017-01-23 06:43:39.741813', '/Users/netease/Documents/hzdonghao/master_interface_platform/interface_platform/log/2017-01-23 14:43:39.739653.log'), ('25', '3', '2017-01-23 14:47:13.124525.log', '2017-01-23 06:47:13.126752', '/Users/netease/Documents/hzdonghao/master_interface_platform/interface_platform/log/2017-01-23 14:47:13.124525.log'), ('26', '3', '2017-01-23 14:52:07.908708.log', '2017-01-23 06:52:07.911012', '/Users/netease/Documents/hzdonghao/master_interface_platform/interface_platform/log/2017-01-23 14:52:07.908708.log'), ('27', '3', '2017-01-23 14:58:17.849595.log', '2017-01-23 06:58:17.851832', '/Users/netease/Documents/hzdonghao/master_interface_platform/interface_platform/log/2017-01-23 14:58:17.849595.log'), ('28', '3', '2017-01-24 10:46:08.157937.log', '2017-01-24 02:46:08.183551', '/Users/netease/Documents/hzdonghao/master_interface_platform/interface_platform/log/2017-01-24 10:46:08.157937.log'), ('29', '3', '2017-02-05 14:11:11.053318.log', '2017-02-05 06:11:11.055707', '/Users/netease/Documents/hzdonghao/master_interface_platform/interface_platform/log/2017-02-05 14:11:11.053318.log'), ('30', '62', '2017-02-05 14:13:25.520825.log', '2017-02-05 06:13:25.522861', '/Users/netease/Documents/hzdonghao/master_interface_platform/interface_platform/log/2017-02-05 14:13:25.520825.log'), ('31', '62', '2017-02-05 14:13:28.139621.log', '2017-02-05 06:13:28.141712', '/Users/netease/Documents/hzdonghao/master_interface_platform/interface_platform/log/2017-02-05 14:13:28.139621.log'), ('32', '64', '2017-02-07 15:00:46.918156.log', '2017-02-07 07:00:46.920336', '/Users/netease/Documents/hzdonghao/master_interface_platform/interface_platform/log/2017-02-07 15:00:46.918156.log'), ('33', '47', '2017-02-07 15:58:47.483017.log', '2017-02-07 07:58:47.485339', '/Users/netease/Documents/hzdonghao/master_interface_platform/interface_platform/log/2017-02-07 15:58:47.483017.log'), ('34', '62', '2017-02-07 16:28:43.273309.log', '2017-02-07 08:28:43.275401', '/Users/netease/Documents/hzdonghao/master_interface_platform/interface_platform/log/2017-02-07 16:28:43.273309.log'), ('35', '62', '2017-02-07 16:28:45.397507.log', '2017-02-07 08:28:45.399523', '/Users/netease/Documents/hzdonghao/master_interface_platform/interface_platform/log/2017-02-07 16:28:45.397507.log'), ('36', '15', '2017-02-07 16:43:23.808722.log', '2017-02-07 08:43:23.810874', '/Users/netease/Documents/hzdonghao/master_interface_platform/interface_platform/log/2017-02-07 16:43:23.808722.log'), ('37', '15', '2017-02-07 16:43:25.126591.log', '2017-02-07 08:43:25.128827', '/Users/netease/Documents/hzdonghao/master_interface_platform/interface_platform/log/2017-02-07 16:43:25.126591.log'), ('38', '15', '2017-02-07 16:43:26.519330.log', '2017-02-07 08:43:26.521617', '/Users/netease/Documents/hzdonghao/master_interface_platform/interface_platform/log/2017-02-07 16:43:26.519330.log'), ('39', '15', '2017-02-07 16:43:26.718640.log', '2017-02-07 08:43:26.720712', '/Users/netease/Documents/hzdonghao/master_interface_platform/interface_platform/log/2017-02-07 16:43:26.718640.log'), ('40', '3', '2017-02-07 16:44:58.956411.log', '2017-02-07 08:44:58.958396', '/Users/netease/Documents/hzdonghao/master_interface_platform/interface_platform/log/2017-02-07 16:44:58.956411.log'), ('41', '34', '2017-02-07 16:45:32.307855.log', '2017-02-07 08:45:32.324821', '/Users/netease/Documents/hzdonghao/master_interface_platform/interface_platform/log/2017-02-07 16:45:32.307855.log'), ('42', '35', '2017-02-07 16:45:43.542581.log', '2017-02-07 08:45:43.544624', '/Users/netease/Documents/hzdonghao/master_interface_platform/interface_platform/log/2017-02-07 16:45:43.542581.log');
COMMIT;

-- ----------------------------
--  Table structure for `interface_platform_testcasestep`
-- ----------------------------
DROP TABLE IF EXISTS `interface_platform_testcasestep`;
CREATE TABLE `interface_platform_testcasestep` (
  `id` int(11) NOT NULL AUTO_INCREMENT,
  `tc_id` int(11) NOT NULL,
  `it_id` int(11) NOT NULL,
  `index` int(11) NOT NULL,
  `name` varchar(100) NOT NULL,
  PRIMARY KEY (`id`),
  KEY `interface_platf_tc_id_4e02a922_fk_interface_platform_testcase_id` (`tc_id`),
  KEY `interface_pl_it_id_2cb03d32_fk_interface_platform_itstatement_id` (`it_id`),
  CONSTRAINT `interface_pl_it_id_2cb03d32_fk_interface_platform_itstatement_id` FOREIGN KEY (`it_id`) REFERENCES `interface_platform_itstatement` (`id`),
  CONSTRAINT `interface_platf_tc_id_4e02a922_fk_interface_platform_testcase_id` FOREIGN KEY (`tc_id`) REFERENCES `interface_platform_testcase` (`id`)
) ENGINE=InnoDB AUTO_INCREMENT=81 DEFAULT CHARSET=utf8;

-- ----------------------------
--  Records of `interface_platform_testcasestep`
-- ----------------------------
BEGIN;
INSERT INTO `interface_platform_testcasestep` VALUES ('45', '4', '1', '1', '获取Admin Cookie'), ('49', '3', '1', '4', '获取Admin Cookie'), ('59', '8', '1', '1', '获取Admin Cookie'), ('62', '8', '8', '3', '获取我的电话会议信息'), ('63', '8', '8', '2', '获取我的电话会议信息'), ('65', '15', '9', '1', '规范'), ('66', '3', '8', '3', '获取我的电话会议信息'), ('67', '16', '10', '1', 'hhhh'), ('68', '16', '10', '2', '坎坎坷坷'), ('70', '3', '8', '2', '获取我的电话会议信息'), ('72', '3', '1', '1', '获取Admin Cookie'), ('73', '25', '4', '1', '登录'), ('75', '35', '8', '1', '获取我的电话会议信息'), ('76', '36', '3', '1', '添加用户并设置权限'), ('77', '47', '21', '1', '获取Admin Cookie'), ('78', '47', '20', '2', '添加用户并设置权限'), ('79', '3', '1', '5', '获取Admin Cookie'), ('80', '62', '23', '1', '企业管理-入口（同步）');
COMMIT;

-- ----------------------------
--  Table structure for `interface_platform_testsuite`
-- ----------------------------
DROP TABLE IF EXISTS `interface_platform_testsuite`;
CREATE TABLE `interface_platform_testsuite` (
  `id` int(11) NOT NULL AUTO_INCREMENT,
  `name` varchar(100) NOT NULL,
  `start_time` datetime(6) NOT NULL,
  `end_time` datetime(6) NOT NULL,
  `runner_id` int(11) NOT NULL,
  `rerun` smallint(6) NOT NULL,
  PRIMARY KEY (`id`),
  KEY `interface_platf_runner_id_6849c8620fa6173e_fk_account_account_id` (`runner_id`),
  CONSTRAINT `interface_platf_runner_id_6849c8620fa6173e_fk_account_account_id` FOREIGN KEY (`runner_id`) REFERENCES `account_account` (`id`)
) ENGINE=InnoDB DEFAULT CHARSET=utf8;

-- ----------------------------
--  Table structure for `interface_platform_testsuite_test_cases`
-- ----------------------------
DROP TABLE IF EXISTS `interface_platform_testsuite_test_cases`;
CREATE TABLE `interface_platform_testsuite_test_cases` (
  `id` int(11) NOT NULL AUTO_INCREMENT,
  `testsuite_id` int(11) NOT NULL,
  `testcase_id` int(11) NOT NULL,
  PRIMARY KEY (`id`),
  UNIQUE KEY `testsuite_id` (`testsuite_id`,`testcase_id`),
  KEY `i_testcase_id_534d0a61232075d0_fk_interface_platform_testcase_id` (`testcase_id`),
  CONSTRAINT `D477ed26e319cc9bc6476b920e5e8525` FOREIGN KEY (`testsuite_id`) REFERENCES `interface_platform_testsuite` (`id`),
  CONSTRAINT `i_testcase_id_534d0a61232075d0_fk_interface_platform_testcase_id` FOREIGN KEY (`testcase_id`) REFERENCES `interface_platform_testcase` (`id`)
) ENGINE=InnoDB DEFAULT CHARSET=utf8;

-- ----------------------------
--  Table structure for `interface_platform_uniid`
-- ----------------------------
DROP TABLE IF EXISTS `interface_platform_uniid`;
CREATE TABLE `interface_platform_uniid` (
  `id` int(11) NOT NULL AUTO_INCREMENT,
  `tc_id` int(11) DEFAULT NULL,
  `it_id` int(11) DEFAULT NULL,
  `test_suite_id` int(11) DEFAULT NULL,
  PRIMARY KEY (`id`),
  KEY `interfa_tc_id_65a2cbc605ceb75a_fk_interface_platform_testcase_id` (`tc_id`),
  KEY `inte_it_id_38ddc357361d37ca_fk_interface_platform_itstatement_id` (`it_id`),
  KEY `D843b1d0aeb1c2bb8f82f24b08151ff5` (`test_suite_id`),
  CONSTRAINT `D843b1d0aeb1c2bb8f82f24b08151ff5` FOREIGN KEY (`test_suite_id`) REFERENCES `interface_platform_testsuite` (`id`),
  CONSTRAINT `inte_it_id_38ddc357361d37ca_fk_interface_platform_itstatement_id` FOREIGN KEY (`it_id`) REFERENCES `interface_platform_itstatement` (`id`),
  CONSTRAINT `interfa_tc_id_65a2cbc605ceb75a_fk_interface_platform_testcase_id` FOREIGN KEY (`tc_id`) REFERENCES `interface_platform_testcase` (`id`)
) ENGINE=InnoDB AUTO_INCREMENT=54 DEFAULT CHARSET=utf8;

-- ----------------------------
--  Records of `interface_platform_uniid`
-- ----------------------------
BEGIN;
INSERT INTO `interface_platform_uniid` VALUES ('1', null, '1', null), ('2', null, '3', null), ('3', null, '4', null), ('4', null, '5', null), ('5', null, '6', null), ('6', null, '7', null), ('7', null, '8', null), ('8', null, '9', null), ('9', null, '10', null), ('10', null, '11', null), ('19', null, '20', null), ('20', null, '21', null), ('21', '3', null, null), ('22', '4', null, null), ('23', '5', null, null), ('24', '8', null, null), ('25', '14', null, null), ('26', '15', null, null), ('27', '16', null, null), ('28', '17', null, null), ('29', '22', null, null), ('30', '23', null, null), ('31', '25', null, null), ('32', '27', null, null), ('33', '29', null, null), ('34', '30', null, null), ('35', '31', null, null), ('36', '32', null, null), ('37', '33', null, null), ('38', '34', null, null), ('39', '35', null, null), ('40', '36', null, null), ('41', '46', null, null), ('42', '47', null, null), ('43', '49', null, null), ('44', '50', null, null), ('45', '51', null, null), ('46', '52', null, null), ('47', '53', null, null), ('48', '54', null, null), ('49', '55', null, null), ('50', '56', null, null), ('51', '57', null, null), ('52', '58', null, null), ('53', '59', null, null);
COMMIT;

-- ----------------------------
--  Table structure for `interface_platform_variable`
-- ----------------------------
DROP TABLE IF EXISTS `interface_platform_variable`;
CREATE TABLE `interface_platform_variable` (
  `id` int(11) NOT NULL AUTO_INCREMENT,
  `name` varchar(100) NOT NULL,
  `desc` varchar(254) DEFAULT NULL,
  `value` varchar(254) NOT NULL,
  `project_id` int(11) NOT NULL,
  `type` varchar(100) NOT NULL,
  `creator_id` int(11) NOT NULL,
  `responsible_id` int(11) NOT NULL,
  `timestamp` datetime NOT NULL,
  PRIMARY KEY (`id`),
  KEY `interface_pl_project_id_800f4bd_fk_interface_platform_project_id` (`project_id`),
  KEY `interface_platform_var_creator_id_61cd5fce_fk_account_account_id` (`creator_id`),
  KEY `interface_platform_responsible_id_6e7b15fa_fk_account_account_id` (`responsible_id`),
  CONSTRAINT `interface_pl_project_id_800f4bd_fk_interface_platform_project_id` FOREIGN KEY (`project_id`) REFERENCES `interface_platform_project` (`id`),
  CONSTRAINT `interface_platform_responsible_id_6e7b15fa_fk_account_account_id` FOREIGN KEY (`responsible_id`) REFERENCES `account_account` (`id`),
  CONSTRAINT `interface_platform_var_creator_id_61cd5fce_fk_account_account_id` FOREIGN KEY (`creator_id`) REFERENCES `account_account` (`id`)
) ENGINE=InnoDB AUTO_INCREMENT=15 DEFAULT CHARSET=utf8;

-- ----------------------------
--  Records of `interface_platform_variable`
-- ----------------------------
BEGIN;
INSERT INTO `interface_platform_variable` VALUES ('1', 'super.qiye.yixin.im', '企业易信测试环境', '', '1', 'HOST', '2', '3', '2017-02-06 03:22:16'), ('2', 'cookie', null, 'Set-Cookie', '1', '接口返回值', '2', '2', '2016-12-01 10:37:42'), ('3', 'username', ' 用户名', '200', '3', '接口返回值', '2', '5', '2016-12-06 06:35:37'), ('4', '110测试环境', ' ', '10.120.87.66', '3', 'HOST', '2', '2', '2016-12-01 10:55:04'), ('5', 'common var', '110', '110', '2', '普通变量', '3', '3', '2016-12-05 06:10:01'), ('7', 'account', ' aaaaa', 'Admin123', '1', '接口返回值', '2', '1', '2017-01-17 07:19:21'), ('8', '10.20.20', ' 点点点', '10.20.20.20', '35', 'HOST', '2', '2', '2016-12-29 06:55:20'), ('9', '测试主机', ' 发发发', '10.20.20.36', '36', 'HOST', '2', '2', '2016-12-29 08:09:09'), ('11', 'conference.qiye.yixin.im', ' 电话会议测试主机', '59.111.29.157', '43', '接口返回值', '3', '4', '2017-02-07 11:15:29'), ('12', 'super.qiye.yixin.im', ' ', '106.2.124.114', '42', 'HOST', '3', '3', '2017-01-22 02:09:51'), ('13', 'cookie', ' ', 'qwecookie', '42', '接口返回值', '3', '3', '2017-01-22 03:18:59'), ('14', 'my.qiye.yixin.im', ' 企业易信主机环境', '59.111.29.157', '43', 'HOST', '3', '3', '2017-02-07 02:27:31');
COMMIT;

-- ----------------------------
--  Table structure for `interface_platform_variableit`
-- ----------------------------
DROP TABLE IF EXISTS `interface_platform_variableit`;
CREATE TABLE `interface_platform_variableit` (
  `id` int(11) NOT NULL AUTO_INCREMENT,
  `var_id` int(11) NOT NULL,
  `it_id` int(11) NOT NULL,
  `assoc_type` varchar(10) DEFAULT NULL,
  `assoc_id` int(11) DEFAULT NULL,
  PRIMARY KEY (`id`),
  KEY `interface_platf_var_id_40a55dc_fk_interface_platform_variable_id` (`var_id`),
  KEY `interface_pl_it_id_3afabdbd_fk_interface_platform_itstatement_id` (`it_id`),
  CONSTRAINT `interface_pl_it_id_3afabdbd_fk_interface_platform_itstatement_id` FOREIGN KEY (`it_id`) REFERENCES `interface_platform_itstatement` (`id`),
  CONSTRAINT `interface_platf_var_id_40a55dc_fk_interface_platform_variable_id` FOREIGN KEY (`var_id`) REFERENCES `interface_platform_variable` (`id`)
) ENGINE=InnoDB AUTO_INCREMENT=8 DEFAULT CHARSET=utf8;

-- ----------------------------
--  Records of `interface_platform_variableit`
-- ----------------------------
BEGIN;
INSERT INTO `interface_platform_variableit` VALUES ('4', '7', '1', '6', '60'), ('5', '2', '1', '6', '61'), ('6', '13', '20', '5', '47'), ('7', '7', '1', '8', '116');
COMMIT;

SET FOREIGN_KEY_CHECKS = 1;
